
[DEBUG] Node 0: processing 8 proposals
  Proposal: [9, 6, 13] -> tuple (6, 9, 13)
    -> Added to global_seen_states
    -> Child 1 created and added to next_queue
  Proposal: [18, 3, 13] -> tuple (3, 13, 18)
    -> Added to global_seen_states
    -> Child 2 created and added to next_queue
  Proposal: [39, 3, 6] -> tuple (3, 6, 39)
    -> Added to global_seen_states
    -> Child 3 created and added to next_queue
  Proposal: [9, 3, 13] -> tuple (3, 9, 13)
    -> Added to global_seen_states
    -> Child 4 created and added to next_queue
  Proposal: [7, 3, 3] -> tuple (3, 3, 7)
    -> Added to global_seen_states
    -> Child 5 created and added to next_queue
  Proposal: [-7, 3, 3] -> tuple (-7, 3, 3)
    -> Added to global_seen_states
    -> Child 6 created and added to next_queue
  Proposal: [10, 3, 6] -> tuple (3, 6, 10)
    -> Added to global_seen_states
    -> Child 7 created and added to next_queue
  Proposal: [4.333333333333333, 3, 6] -> tuple (3, 4.333333333333333, 6)
    -> Added to global_seen_states
    -> Child 8 created and added to next_queue

[DEBUG] Node 5: processing 8 proposals
  Proposal: [10, 3] -> tuple (3, 10)
    -> DEAD-END pattern, skipping (reason: pruned_value_0.600)
  Proposal: [4, 3] -> tuple (3, 4)
    -> DEAD-END pattern, skipping (reason: pruned_value_0.600)
  Proposal: [-4, 3] -> tuple (-4, 3)
    -> DEAD-END pattern, skipping (reason: pruned_value_0.600)
  Proposal: [21, 3] -> tuple (3, 21)
    -> Added to global_seen_states
    -> Child 9 created and added to next_queue
  Proposal: [2.3333333333333335, 3] -> tuple (2.3333333333333335, 3)
    -> Added to global_seen_states
    -> Child 10 created and added to next_queue
  Proposal: [0.42857142857142855, 3] -> tuple (0.42857142857142855, 3)
    -> Added to global_seen_states
    -> Child 11 created and added to next_queue
  Proposal: [9, 7] -> tuple (7, 9)
    -> DEAD-END pattern, skipping (reason: pruned_value_0.600)
  Proposal: [6, 7] -> tuple (6, 7)
    -> DEAD-END pattern, skipping (reason: pruned_value_0.600)

[DEBUG] Node 7: processing 8 proposals
  Proposal: [4, 3] -> tuple (3, 4)
    -> DEAD-END pattern, skipping (reason: pruned_value_0.600)
  Proposal: [-4, 3] -> tuple (-4, 3)
    -> DEAD-END pattern, skipping (reason: pruned_value_0.600)
  Proposal: [7, 6] -> tuple (6, 7)
    -> DEAD-END pattern, skipping (reason: pruned_value_0.600)
  Proposal: [-7, 6] -> tuple (-7, 6)
    -> DEAD-END pattern, skipping (reason: pruned_value_0.600)
  Proposal: [3, 10] -> tuple (3, 10)
    -> DEAD-END pattern, skipping (reason: pruned_value_0.600)
  Proposal: [-3, 10] -> tuple (-3, 10)
    -> DEAD-END pattern, skipping (reason: pruned_value_0.600)
  Proposal: [1.6666666666666667, 3] -> tuple (1.6666666666666667, 3)
    -> Added to global_seen_states
    -> Child 12 created and added to next_queue
  Proposal: [0.6, 3] -> tuple (0.6, 3)
    -> Added to global_seen_states
    -> Child 13 created and added to next_queue

[DEBUG] Node 3: processing 8 proposals
  Proposal: [117, 6] -> tuple (6, 117)
    -> Added to global_seen_states
    -> Child 14 created and added to next_queue
  Proposal: [13.0, 6] -> tuple (6, 13.0)
    -> DEAD-END pattern, skipping (reason: pruned_value_0.600)
  Proposal: [36, 6] -> tuple (6, 36)
    -> Added to global_seen_states
    -> Child 15 created and added to next_queue
  Proposal: [234, 3] -> tuple (3, 234)
    -> Added to global_seen_states
    -> Child 16 created and added to next_queue
  Proposal: [6.5, 3] -> tuple (3, 6.5)
    -> DEAD-END pattern, skipping (reason: pruned_value_0.600)
  Proposal: [33, 3] -> tuple (3, 33)
    -> Added to global_seen_states
    -> Child 17 created and added to next_queue
  Proposal: [18, 39] -> tuple (18, 39)
    -> Added to global_seen_states
    -> Child 18 created and added to next_queue
  Proposal: [2.0, 39] -> tuple (2.0, 39)
    -> Added to global_seen_states
    -> Child 19 created and added to next_queue

[DEBUG] Node 1: processing 8 proposals
  Proposal: [15, 13] -> tuple (13, 15)
    -> Added to global_seen_states
    -> Child 20 created and added to next_queue
  Proposal: [54, 13] -> tuple (13, 54)
    -> Added to global_seen_states
    -> Child 21 created and added to next_queue
  Proposal: [3, 13] -> tuple (3, 13)
    -> DEAD-END pattern, skipping (reason: pruned_value_0.600)
  Proposal: [-3, 13] -> tuple (-3, 13)
    -> DEAD-END pattern, skipping (reason: pruned_value_0.600)
  Proposal: [1.5, 13] -> tuple (1.5, 13)
    -> Added to global_seen_states
    -> Child 22 created and added to next_queue
  Proposal: [0.6666666666666666, 13] -> tuple (0.6666666666666666, 13)
    -> Added to global_seen_states
    -> Child 23 created and added to next_queue
  Proposal: [22, 6] -> tuple (6, 22)
    -> Added to global_seen_states
    -> Child 24 created and added to next_queue
  Proposal: [117, 6] -> tuple (6, 117)
    -> DUPLICATE, skipping (already seen)

[DEBUG] Node 2: processing 8 proposals
  Proposal: [21, 13] -> tuple (13, 21)
    -> Added to global_seen_states
    -> Child 25 created and added to next_queue
  Proposal: [15, 13] -> tuple (13, 15)
    -> DUPLICATE, skipping (already seen)
  Proposal: [-15, 13] -> tuple (-15, 13)
    -> Added to global_seen_states
    -> Child 26 created and added to next_queue
  Proposal: [54, 13] -> tuple (13, 54)
    -> DUPLICATE, skipping (already seen)
  Proposal: [6.0, 13] -> tuple (6.0, 13)
    -> DEAD-END pattern, skipping (reason: pruned_value_0.600)
  Proposal: [0.16666666666666666, 13] -> tuple (0.16666666666666666, 13)
    -> Added to global_seen_states
    -> Child 27 created and added to next_queue
  Proposal: [31, 3] -> tuple (3, 31)
    -> Added to global_seen_states
    -> Child 28 created and added to next_queue
  Proposal: [5, 3] -> tuple (3, 5)
    -> DEAD-END pattern, skipping (reason: pruned_value_0.600)

[DEBUG] Node 9: processing 1 proposals
  Proposal: [24] -> tuple (24,)
    -> DEAD-END pattern, skipping (reason: pruned_value_0.600)

[DEBUG] Node 24: processing 1 proposals
  Proposal: [28] -> tuple (28,)
    -> DEAD-END pattern, skipping (reason: pruned_value_0.600)

[DEBUG] Node 28: processing 0 proposals

[DEBUG] Node 10: processing 0 proposals

[DEBUG] Node 11: processing 1 proposals
  Proposal: [7.0] -> tuple (7.0,)
    -> Added to global_seen_states
    -> Child 30 created and added to next_queue

[DEBUG] Node 0: processing 8 proposals
  Proposal: [8, 12, 12] -> tuple (8, 12, 12)
    -> Added to global_seen_states
    -> Child 1 created and added to next_queue
  Proposal: [4, 12, 12] -> tuple (4, 12, 12)
    -> Added to global_seen_states
    -> Child 2 created and added to next_queue
  Proposal: [-4, 12, 12] -> tuple (-4, 12, 12)
    -> Added to global_seen_states
    -> Child 3 created and added to next_queue
  Proposal: [24, 6, 12] -> tuple (6, 12, 24)
    -> Added to global_seen_states
    -> Child 4 created and added to next_queue
  Proposal: [6.0, 6, 12] -> tuple (6.0, 6, 12)
    -> Added to global_seen_states
    -> Child 5 created and added to next_queue
  Proposal: [24, 2, 6] -> tuple (2, 6, 24)
    -> Added to global_seen_states
    -> Child 6 created and added to next_queue
  Proposal: [12, 12, 12] -> tuple (12, 12, 12)
    -> Added to global_seen_states
    -> Child 7 created and added to next_queue
  Proposal: [2.0, 2, 12] -> tuple (2.0, 2, 12)
    -> Added to global_seen_states
    -> Child 8 created and added to next_queue

[DEBUG] Node 5: processing 8 proposals
  Proposal: [12.0, 12] -> tuple (12.0, 12)
    -> DEAD-END pattern, skipping (reason: pruned_value_0.001)
  Proposal: [36.0, 12] -> tuple (12, 36.0)
    -> Added to global_seen_states
    -> Child 9 created and added to next_queue
  Proposal: [6, 6.0] -> tuple (6, 6.0)
    -> Added to global_seen_states
    -> Child 10 created and added to next_queue
  Proposal: [2.0, 6.0] -> tuple (2.0, 6.0)
    -> Added to global_seen_states
    -> Child 11 created and added to next_queue
  Proposal: [72.0, 6] -> tuple (6, 72.0)
    -> Added to global_seen_states
    -> Child 12 created and added to next_queue
  Proposal: [18.0, 6] -> tuple (6, 18.0)
    -> DEAD-END pattern, skipping (reason: pruned_value_0.010)
  Proposal: [1.0, 12] -> tuple (1.0, 12)
    -> Added to global_seen_states
    -> Child 13 created and added to next_queue
  Proposal: [0.0, 12] -> tuple (0.0, 12)
    -> DEAD-END pattern, skipping (reason: pruned_value_0.001)

[DEBUG] Node 2: processing 7 proposals
  Proposal: [24, 4] -> tuple (4, 24)
    -> DEAD-END pattern, skipping (reason: pruned_value_0.010)
  Proposal: [48, 12] -> tuple (12, 48)
    -> Added to global_seen_states
    -> Child 14 created and added to next_queue
  Proposal: [16, 12] -> tuple (12, 16)
    -> DEAD-END pattern, skipping (reason: pruned_value_0.001)
  Proposal: [8, 12] -> tuple (8, 12)
    -> DEAD-END pattern, skipping (reason: pruned_value_0.001)
  Proposal: [0, 4] -> tuple (0, 4)
    -> Added to global_seen_states
    -> Child 15 created and added to next_queue
  Proposal: [3.0, 12] -> tuple (3.0, 12)
    -> DEAD-END pattern, skipping (reason: pruned_value_0.001)
  Proposal: [1.0, 4] -> tuple (1.0, 4)
    -> Added to global_seen_states
    -> Child 16 created and added to next_queue

[DEBUG] Node 3: processing 6 proposals
  Proposal: [8, 12] -> tuple (8, 12)
    -> DEAD-END pattern, skipping (reason: pruned_value_0.001)
  Proposal: [-16, 12] -> tuple (-16, 12)
    -> DEAD-END pattern, skipping (reason: pruned_value_0.001)
  Proposal: [16, 12] -> tuple (12, 16)
    -> DEAD-END pattern, skipping (reason: pruned_value_0.001)
  Proposal: [-48, 12] -> tuple (-48, 12)
    -> Added to global_seen_states
    -> Child 17 created and added to next_queue
  Proposal: [24, -4] -> tuple (-4, 24)
    -> DEAD-END pattern, skipping (reason: pruned_value_0.010)
  Proposal: [144, -4] -> tuple (-4, 144)
    -> Added to global_seen_states
    -> Child 18 created and added to next_queue

[DEBUG] Node 8: processing 6 proposals
  Proposal: [4.0, 12] -> tuple (4.0, 12)
    -> DEAD-END pattern, skipping (reason: pruned_value_0.001)
  Proposal: [24.0, 2] -> tuple (2, 24.0)
    -> DEAD-END pattern, skipping (reason: pruned_value_0.010)
  Proposal: [14.0, 2] -> tuple (2, 14.0)
    -> DEAD-END pattern, skipping (reason: pruned_value_0.010)
  Proposal: [0.0, 12] -> tuple (0.0, 12)
    -> DEAD-END pattern, skipping (reason: pruned_value_0.001)
  Proposal: [10.0, 2] -> tuple (2, 10.0)
    -> Added to global_seen_states
    -> Child 19 created and added to next_queue
  Proposal: [6.0, 2] -> tuple (2, 6.0)
    -> DUPLICATE, skipping (already seen)

[DEBUG] Node 4: processing 8 proposals
  Proposal: [18, 24] -> tuple (18, 24)
    -> Added to global_seen_states
    -> Child 20 created and added to next_queue
  Proposal: [18, 12] -> tuple (12, 18)
    -> DEAD-END pattern, skipping (reason: pruned_value_0.001)
  Proposal: [12, 6] -> tuple (6, 12)
    -> DEAD-END pattern, skipping (reason: pruned_value_0.001)
  Proposal: [72, 24] -> tuple (24, 72)
    -> Added to global_seen_states
    -> Child 21 created and added to next_queue
  Proposal: [4.0, 12] -> tuple (4.0, 12)
    -> DEAD-END pattern, skipping (reason: pruned_value_0.001)
  Proposal: [2.0, 6] -> tuple (2.0, 6)
    -> DUPLICATE, skipping (already seen)
  Proposal: [-12, 6] -> tuple (-12, 6)
    -> DEAD-END pattern, skipping (reason: pruned_value_0.001)
  Proposal: [36, 6] -> tuple (6, 36)
    -> DEAD-END pattern, skipping (reason: pruned_value_0.010)

[DEBUG] Node 9: processing 1 proposals
  Proposal: [24.0] -> tuple (24.0,)
    -> Added to global_seen_states
    -> Child 23 created and added to next_queue

[DEBUG] Node 16: processing 1 proposals
  Proposal: [5.0] -> tuple (5.0,)
    -> DEAD-END pattern, skipping (reason: pruned_value_0.001)

[DEBUG] Node 19: processing 1 proposals
  Proposal: [20.0] -> tuple (20.0,)
    -> Added to global_seen_states
    -> Child 24 created and added to next_queue

[DEBUG] Node 20: processing 1 proposals
  Proposal: [42] -> tuple (42,)
    -> Added to global_seen_states
    -> Child 25 created and added to next_queue

[DEBUG] Node 21: processing 1 proposals
  Proposal: [3.0] -> tuple (3.0,)
    -> DEAD-END pattern, skipping (reason: pruned_value_0.001)

[DEBUG] Node 0: processing 8 proposals
  Proposal: [4, 12, 13] -> tuple (4, 12, 13)
    -> Added to global_seen_states
    -> Child 1 created and added to next_queue
  Proposal: [3, 6, 12] -> tuple (3, 6, 12)
    -> Added to global_seen_states
    -> Child 2 created and added to next_queue
  Proposal: [156, 6, 10] -> tuple (6, 10, 156)
    -> Added to global_seen_states
    -> Child 3 created and added to next_queue
  Proposal: [2.1666666666666665, 10, 12] -> tuple (2.1666666666666665, 10, 12)
    -> Added to global_seen_states
    -> Child 4 created and added to next_queue
  Proposal: [1, 6, 10] -> tuple (1, 6, 10)
    -> Added to global_seen_states
    -> Child 5 created and added to next_queue
  Proposal: [16, 12, 13] -> tuple (12, 13, 16)
    -> Added to global_seen_states
    -> Child 6 created and added to next_queue
  Proposal: [60, 12, 13] -> tuple (12, 13, 60)
    -> Added to global_seen_states
    -> Child 7 created and added to next_queue
  Proposal: [2.0, 10, 13] -> tuple (2.0, 10, 13)
    -> Added to global_seen_states
    -> Child 8 created and added to next_queue

[DEBUG] Node 2: processing 8 proposals
  Proposal: [36, 6] -> tuple (6, 36)
    -> Added to global_seen_states
    -> Child 9 created and added to next_queue
  Proposal: [72, 3] -> tuple (3, 72)
    -> Added to global_seen_states
    -> Child 10 created and added to next_queue
  Proposal: [18, 3] -> tuple (3, 18)
    -> Added to global_seen_states
    -> Child 11 created and added to next_queue
  Proposal: [6, 3] -> tuple (3, 6)
    -> Added to global_seen_states
    -> Child 12 created and added to next_queue
  Proposal: [4, 6] -> tuple (4, 6)
    -> Added to global_seen_states
    -> Child 13 created and added to next_queue
  Proposal: [2, 3] -> tuple (2, 3)
    -> Added to global_seen_states
    -> Child 14 created and added to next_queue
  Proposal: [9, 12] -> tuple (9, 12)
    -> Added to global_seen_states
    -> Child 15 created and added to next_queue
  Proposal: [3, 12] -> tuple (3, 12)
    -> Added to global_seen_states
    -> Child 16 created and added to next_queue

[DEBUG] Node 1: processing 8 proposals
  Proposal: [16, 13] -> tuple (13, 16)
    -> Added to global_seen_states
    -> Child 17 created and added to next_queue
  Proposal: [17, 12] -> tuple (12, 17)
    -> Added to global_seen_states
    -> Child 18 created and added to next_queue
  Proposal: [25, 4] -> tuple (4, 25)
    -> Added to global_seen_states
    -> Child 19 created and added to next_queue
  Proposal: [8, 13] -> tuple (8, 13)
    -> Added to global_seen_states
    -> Child 20 created and added to next_queue
  Proposal: [-1, 4] -> tuple (-1, 4)
    -> Added to global_seen_states
    -> Child 21 created and added to next_queue
  Proposal: [9, 12] -> tuple (9, 12)
    -> DUPLICATE, skipping (already seen)
  Proposal: [48, 13] -> tuple (13, 48)
    -> Added to global_seen_states
    -> Child 22 created and added to next_queue
  Proposal: [52, 12] -> tuple (12, 52)
    -> Added to global_seen_states
    -> Child 23 created and added to next_queue

[DEBUG] Node 3: processing 8 proposals
  Proposal: [150, 10] -> tuple (10, 150)
    -> Added to global_seen_states
    -> Child 24 created and added to next_queue
  Proposal: [146, 6] -> tuple (6, 146)
    -> Added to global_seen_states
    -> Child 25 created and added to next_queue
  Proposal: [162, 10] -> tuple (10, 162)
    -> Added to global_seen_states
    -> Child 26 created and added to next_queue
  Proposal: [166, 6] -> tuple (6, 166)
    -> Added to global_seen_states
    -> Child 27 created and added to next_queue
  Proposal: [936, 10] -> tuple (10, 936)
    -> Added to global_seen_states
    -> Child 28 created and added to next_queue
  Proposal: [1560, 6] -> tuple (6, 1560)
    -> Added to global_seen_states
    -> Child 29 created and added to next_queue
  Proposal: [26.0, 10] -> tuple (10, 26.0)
    -> Added to global_seen_states
    -> Child 30 created and added to next_queue
  Proposal: [15.6, 6] -> tuple (6, 15.6)
    -> Added to global_seen_states
    -> Child 31 created and added to next_queue

[DEBUG] Node 4: processing 8 proposals
  Proposal: [22, 2.1666666666666665] -> tuple (2.1666666666666665, 22)
    -> Added to global_seen_states
    -> Child 32 created and added to next_queue
  Proposal: [2, 2.1666666666666665] -> tuple (2, 2.1666666666666665)
    -> Added to global_seen_states
    -> Child 33 created and added to next_queue
  Proposal: [-2, 2.1666666666666665] -> tuple (-2, 2.1666666666666665)
    -> Added to global_seen_states
    -> Child 34 created and added to next_queue
  Proposal: [120, 2.1666666666666665] -> tuple (2.1666666666666665, 120)
    -> Added to global_seen_states
    -> Child 35 created and added to next_queue
  Proposal: [1.2, 2.1666666666666665] -> tuple (1.2, 2.1666666666666665)
    -> Added to global_seen_states
    -> Child 36 created and added to next_queue
  Proposal: [0.8333333333333334, 2.1666666666666665] -> tuple (0.8333333333333334, 2.1666666666666665)
    -> Added to global_seen_states
    -> Child 37 created and added to next_queue
  Proposal: [12.166666666666666, 12] -> tuple (12, 12.166666666666666)
    -> Added to global_seen_states
    -> Child 38 created and added to next_queue
  Proposal: [7.833333333333334, 12] -> tuple (7.833333333333334, 12)
    -> Added to global_seen_states
    -> Child 39 created and added to next_queue

[DEBUG] Node 8: processing 8 proposals
  Proposal: [23, 2.0] -> tuple (2.0, 23)
    -> Added to global_seen_states
    -> Child 40 created and added to next_queue
  Proposal: [-3, 2.0] -> tuple (-3, 2.0)
    -> Added to global_seen_states
    -> Child 41 created and added to next_queue
  Proposal: [3, 2.0] -> tuple (2.0, 3)
    -> DUPLICATE, skipping (already seen)
  Proposal: [130, 2.0] -> tuple (2.0, 130)
    -> Added to global_seen_states
    -> Child 42 created and added to next_queue
  Proposal: [1.3, 2.0] -> tuple (1.3, 2.0)
    -> Added to global_seen_states
    -> Child 43 created and added to next_queue
  Proposal: [0.7692307692307693, 2.0] -> tuple (0.7692307692307693, 2.0)
    -> Added to global_seen_states
    -> Child 44 created and added to next_queue
  Proposal: [26.0, 10] -> tuple (10, 26.0)
    -> DUPLICATE, skipping (already seen)
  Proposal: [12.0, 13] -> tuple (12.0, 13)
    -> Added to global_seen_states
    -> Child 45 created and added to next_queue

[DEBUG] Node 10: processing 1 proposals
  Proposal: [24.0] -> tuple (24.0,)
    -> Added to global_seen_states
    -> Child 48 created and added to next_queue

[DEBUG] Node 12: processing 0 proposals

[DEBUG] Node 13: processing 1 proposals
  Proposal: [24] -> tuple (24,)
    -> DUPLICATE, skipping (already seen)

[DEBUG] Node 14: processing 1 proposals
  Proposal: [6] -> tuple (6,)
    -> Added to global_seen_states
    -> Child 49 created and added to next_queue

[DEBUG] Node 34: processing 1 proposals
  Proposal: [4.166666666666666] -> tuple (4.166666666666666,)
    -> Added to global_seen_states
    -> Child 50 created and added to next_queue

[DEBUG] Node 0: processing 1 proposals
  Proposal: [7, 10, 12] -> tuple (7, 10, 12)
    -> Added to global_seen_states
    -> Child 1 created and added to next_queue

[DEBUG] Node 1: processing 8 proposals
  Proposal: [22, 7] -> tuple (7, 22)
    -> Added to global_seen_states
    -> Child 2 created and added to next_queue
  Proposal: [19, 10] -> tuple (10, 19)
    -> Added to global_seen_states
    -> Child 3 created and added to next_queue
  Proposal: [70, 12] -> tuple (12, 70)
    -> Added to global_seen_states
    -> Child 4 created and added to next_queue
  Proposal: [5, 10] -> tuple (5, 10)
    -> Added to global_seen_states
    -> Child 5 created and added to next_queue
  Proposal: [2, 7] -> tuple (2, 7)
    -> Added to global_seen_states
    -> Child 6 created and added to next_queue
  Proposal: [1.7142857142857142, 10] -> tuple (1.7142857142857142, 10)
    -> Added to global_seen_states
    -> Child 7 created and added to next_queue
  Proposal: [1.4285714285714286, 12] -> tuple (1.4285714285714286, 12)
    -> Added to global_seen_states
    -> Child 8 created and added to next_queue
  Proposal: [17, 12] -> tuple (12, 17)
    -> Added to global_seen_states
    -> Child 9 created and added to next_queue

[DEBUG] Node 5: processing 1 proposals
  Proposal: [15] -> tuple (15,)
    -> Added to global_seen_states
    -> Child 10 created and added to next_queue

[DEBUG] Node 6: processing 1 proposals
  Proposal: [14] -> tuple (14,)
    -> Added to global_seen_states
    -> Child 11 created and added to next_queue

[DEBUG] Node 7: processing 1 proposals
  Proposal: [17.142857142857142] -> tuple (17.142857142857142,)
    -> Added to global_seen_states
    -> Child 12 created and added to next_queue

[DEBUG] Node 2: processing 1 proposals
  Proposal: [29] -> tuple (29,)
    -> Added to global_seen_states
    -> Child 13 created and added to next_queue

[DEBUG] Node 3: processing 1 proposals
  Proposal: [29] -> tuple (29,)
    -> DUPLICATE, skipping (already seen)

[DEBUG] Node 0: processing 8 proposals
  Proposal: [3, 6, 12] -> tuple (3, 6, 12)
    -> Added to global_seen_states
    -> Child 1 created and added to next_queue
  Proposal: [1, 6, 10] -> tuple (1, 6, 10)
    -> Added to global_seen_states
    -> Child 2 created and added to next_queue
  Proposal: [7, 10, 12] -> tuple (7, 10, 12)
    -> Added to global_seen_states
    -> Child 3 created and added to next_queue
  Proposal: [6, 10, 13] -> tuple (6, 10, 13)
    -> Added to global_seen_states
    -> Child 4 created and added to next_queue
  Proposal: [23, 6, 12] -> tuple (6, 12, 23)
    -> Added to global_seen_states
    -> Child 5 created and added to next_queue
  Proposal: [25, 6, 10] -> tuple (6, 10, 25)
    -> Added to global_seen_states
    -> Child 6 created and added to next_queue
  Proposal: [78, 10, 12] -> tuple (10, 12, 78)
    -> Added to global_seen_states
    -> Child 7 created and added to next_queue
  Proposal: [156, 6, 10] -> tuple (6, 10, 156)
    -> Added to global_seen_states
    -> Child 8 created and added to next_queue

[DEBUG] Node 1: processing 8 proposals
  Proposal: [6, 3] -> tuple (3, 6)
    -> Added to global_seen_states
    -> Child 9 created and added to next_queue
  Proposal: [9, 6] -> tuple (6, 9)
    -> Added to global_seen_states
    -> Child 10 created and added to next_queue
  Proposal: [3, 12] -> tuple (3, 12)
    -> Added to global_seen_states
    -> Child 11 created and added to next_queue
  Proposal: [18, 3] -> tuple (3, 18)
    -> Added to global_seen_states
    -> Child 12 created and added to next_queue
  Proposal: [15, 6] -> tuple (6, 15)
    -> Added to global_seen_states
    -> Child 13 created and added to next_queue
  Proposal: [9, 12] -> tuple (9, 12)
    -> Added to global_seen_states
    -> Child 14 created and added to next_queue
  Proposal: [36, 6] -> tuple (6, 36)
    -> Added to global_seen_states
    -> Child 15 created and added to next_queue
  Proposal: [72, 3] -> tuple (3, 72)
    -> Added to global_seen_states
    -> Child 16 created and added to next_queue

[DEBUG] Node 6: processing 8 proposals
  Proposal: [19, 10] -> tuple (10, 19)
    -> Added to global_seen_states
    -> Child 17 created and added to next_queue
  Proposal: [15, 6] -> tuple (6, 15)
    -> DUPLICATE, skipping (already seen)
  Proposal: [31, 10] -> tuple (10, 31)
    -> Added to global_seen_states
    -> Child 18 created and added to next_queue
  Proposal: [35, 6] -> tuple (6, 35)
    -> Added to global_seen_states
    -> Child 19 created and added to next_queue
  Proposal: [60, 25] -> tuple (25, 60)
    -> Added to global_seen_states
    -> Child 20 created and added to next_queue
  Proposal: [1.6666666666666667, 25] -> tuple (1.6666666666666667, 25)
    -> Added to global_seen_states
    -> Child 21 created and added to next_queue
  Proposal: [0.6, 25] -> tuple (0.6, 25)
    -> Added to global_seen_states
    -> Child 22 created and added to next_queue
  Proposal: [-15, 6] -> tuple (-15, 6)
    -> Added to global_seen_states
    -> Child 23 created and added to next_queue

[DEBUG] Node 8: processing 8 proposals
  Proposal: [16, 156] -> tuple (16, 156)
    -> Added to global_seen_states
    -> Child 24 created and added to next_queue
  Proposal: [4, 156] -> tuple (4, 156)
    -> Added to global_seen_states
    -> Child 25 created and added to next_queue
  Proposal: [-4, 156] -> tuple (-4, 156)
    -> Added to global_seen_states
    -> Child 26 created and added to next_queue
  Proposal: [60, 156] -> tuple (60, 156)
    -> Added to global_seen_states
    -> Child 27 created and added to next_queue
  Proposal: [1.6666666666666667, 156] -> tuple (1.6666666666666667, 156)
    -> Added to global_seen_states
    -> Child 28 created and added to next_queue
  Proposal: [0.6, 156] -> tuple (0.6, 156)
    -> Added to global_seen_states
    -> Child 29 created and added to next_queue
  Proposal: [162, 10] -> tuple (10, 162)
    -> Added to global_seen_states
    -> Child 30 created and added to next_queue
  Proposal: [150, 10] -> tuple (10, 150)
    -> Added to global_seen_states
    -> Child 31 created and added to next_queue

[DEBUG] Node 5: processing 8 proposals
  Proposal: [29, 12] -> tuple (12, 29)
    -> Added to global_seen_states
    -> Child 32 created and added to next_queue
  Proposal: [35, 6] -> tuple (6, 35)
    -> DUPLICATE, skipping (already seen)
  Proposal: [18, 23] -> tuple (18, 23)
    -> Added to global_seen_states
    -> Child 33 created and added to next_queue
  Proposal: [17, 12] -> tuple (12, 17)
    -> Added to global_seen_states
    -> Child 34 created and added to next_queue
  Proposal: [11, 6] -> tuple (6, 11)
    -> Added to global_seen_states
    -> Child 35 created and added to next_queue
  Proposal: [-17, 12] -> tuple (-17, 12)
    -> Added to global_seen_states
    -> Child 36 created and added to next_queue
  Proposal: [138, 12] -> tuple (12, 138)
    -> Added to global_seen_states
    -> Child 37 created and added to next_queue
  Proposal: [72, 23] -> tuple (23, 72)
    -> Added to global_seen_states
    -> Child 38 created and added to next_queue

[DEBUG] Node 2: processing 8 proposals
  Proposal: [11, 6] -> tuple (6, 11)
    -> DUPLICATE, skipping (already seen)
  Proposal: [9, 6] -> tuple (6, 9)
    -> DUPLICATE, skipping (already seen)
  Proposal: [-9, 6] -> tuple (-9, 6)
    -> Added to global_seen_states
    -> Child 39 created and added to next_queue
  Proposal: [10, 6] -> tuple (6, 10)
    -> Added to global_seen_states
    -> Child 40 created and added to next_queue
  Proposal: [16, 1] -> tuple (1, 16)
    -> Added to global_seen_states
    -> Child 41 created and added to next_queue
  Proposal: [4, 1] -> tuple (1, 4)
    -> Added to global_seen_states
    -> Child 42 created and added to next_queue
  Proposal: [-4, 1] -> tuple (-4, 1)
    -> Added to global_seen_states
    -> Child 43 created and added to next_queue
  Proposal: [60, 1] -> tuple (1, 60)
    -> Added to global_seen_states
    -> Child 44 created and added to next_queue

[DEBUG] Node 16: processing 1 proposals
  Proposal: [24.0] -> tuple (24.0,)
    -> Added to global_seen_states
    -> Child 46 created and added to next_queue

[DEBUG] Node 18: processing 1 proposals
  Proposal: [21] -> tuple (21,)
    -> Added to global_seen_states
    -> Child 47 created and added to next_queue

[DEBUG] Node 21: processing 0 proposals

[DEBUG] Node 12: processing 1 proposals
  Proposal: [21] -> tuple (21,)
    -> DUPLICATE, skipping (already seen)

[DEBUG] Node 13: processing 0 proposals

[DEBUG] Node 0: processing 8 proposals
  Proposal: [4, 12, 13] -> tuple (4, 12, 13)
    -> Added to global_seen_states
    -> Child 1 created and added to next_queue
  Proposal: [-4, 12, 13] -> tuple (-4, 12, 13)
    -> Added to global_seen_states
    -> Child 2 created and added to next_queue
  Proposal: [16, 12, 13] -> tuple (12, 13, 16)
    -> Added to global_seen_states
    -> Child 3 created and added to next_queue
  Proposal: [60, 12, 13] -> tuple (12, 13, 60)
    -> Added to global_seen_states
    -> Child 4 created and added to next_queue
  Proposal: [6, 10, 13] -> tuple (6, 10, 13)
    -> Added to global_seen_states
    -> Child 5 created and added to next_queue
  Proposal: [22, 6, 13] -> tuple (6, 13, 22)
    -> Added to global_seen_states
    -> Child 6 created and added to next_queue
  Proposal: [3, 6, 12] -> tuple (3, 6, 12)
    -> Added to global_seen_states
    -> Child 7 created and added to next_queue
  Proposal: [1, 6, 10] -> tuple (1, 6, 10)
    -> Added to global_seen_states
    -> Child 8 created and added to next_queue

[DEBUG] Node 7: processing 8 proposals
  Proposal: [9, 12] -> tuple (9, 12)
    -> Added to global_seen_states
    -> Child 9 created and added to next_queue
  Proposal: [3, 12] -> tuple (3, 12)
    -> Added to global_seen_states
    -> Child 10 created and added to next_queue
  Proposal: [18, 12] -> tuple (12, 18)
    -> Added to global_seen_states
    -> Child 11 created and added to next_queue
  Proposal: [2.0, 12] -> tuple (2.0, 12)
    -> Added to global_seen_states
    -> Child 12 created and added to next_queue
  Proposal: [18, 3] -> tuple (3, 18)
    -> Added to global_seen_states
    -> Child 13 created and added to next_queue
  Proposal: [6, 3] -> tuple (3, 6)
    -> Added to global_seen_states
    -> Child 14 created and added to next_queue
  Proposal: [72, 3] -> tuple (3, 72)
    -> Added to global_seen_states
    -> Child 15 created and added to next_queue
  Proposal: [2.0, 3] -> tuple (2.0, 3)
    -> Added to global_seen_states
    -> Child 16 created and added to next_queue

[DEBUG] Node 1: processing 8 proposals
  Proposal: [16, 13] -> tuple (13, 16)
    -> Added to global_seen_states
    -> Child 17 created and added to next_queue
  Proposal: [17, 12] -> tuple (12, 17)
    -> Added to global_seen_states
    -> Child 18 created and added to next_queue
  Proposal: [25, 4] -> tuple (4, 25)
    -> Added to global_seen_states
    -> Child 19 created and added to next_queue
  Proposal: [1, 4] -> tuple (1, 4)
    -> Added to global_seen_states
    -> Child 20 created and added to next_queue
  Proposal: [8, 13] -> tuple (8, 13)
    -> Added to global_seen_states
    -> Child 21 created and added to next_queue
  Proposal: [9, 12] -> tuple (9, 12)
    -> DUPLICATE, skipping (already seen)
  Proposal: [48, 13] -> tuple (13, 48)
    -> Added to global_seen_states
    -> Child 22 created and added to next_queue
  Proposal: [52, 12] -> tuple (12, 52)
    -> Added to global_seen_states
    -> Child 23 created and added to next_queue

[DEBUG] Node 2: processing 8 proposals
  Proposal: [9, 12] -> tuple (9, 12)
    -> DUPLICATE, skipping (already seen)
  Proposal: [-17, 12] -> tuple (-17, 12)
    -> Added to global_seen_states
    -> Child 24 created and added to next_queue
  Proposal: [17, 12] -> tuple (12, 17)
    -> DUPLICATE, skipping (already seen)
  Proposal: [-52, 12] -> tuple (-52, 12)
    -> Added to global_seen_states
    -> Child 25 created and added to next_queue
  Proposal: [8, 13] -> tuple (8, 13)
    -> DUPLICATE, skipping (already seen)
  Proposal: [-16, 13] -> tuple (-16, 13)
    -> Added to global_seen_states
    -> Child 26 created and added to next_queue
  Proposal: [16, 13] -> tuple (13, 16)
    -> DUPLICATE, skipping (already seen)
  Proposal: [-48, 13] -> tuple (-48, 13)
    -> Added to global_seen_states
    -> Child 27 created and added to next_queue

[DEBUG] Node 6: processing 8 proposals
  Proposal: [16, 13] -> tuple (13, 16)
    -> DUPLICATE, skipping (already seen)
  Proposal: [-16, 13] -> tuple (-16, 13)
    -> DUPLICATE, skipping (already seen)
  Proposal: [132, 13] -> tuple (13, 132)
    -> Added to global_seen_states
    -> Child 28 created and added to next_queue
  Proposal: [3.6666666666666665, 13] -> tuple (3.6666666666666665, 13)
    -> Added to global_seen_states
    -> Child 29 created and added to next_queue
  Proposal: [0.2727272727272727, 13] -> tuple (0.2727272727272727, 13)
    -> Added to global_seen_states
    -> Child 30 created and added to next_queue
  Proposal: [9, 6] -> tuple (6, 9)
    -> Added to global_seen_states
    -> Child 31 created and added to next_queue
  Proposal: [-9, 6] -> tuple (-9, 6)
    -> Added to global_seen_states
    -> Child 32 created and added to next_queue
  Proposal: [286, 6] -> tuple (6, 286)
    -> Added to global_seen_states
    -> Child 33 created and added to next_queue

[DEBUG] Node 3: processing 8 proposals
  Proposal: [28, 13] -> tuple (13, 28)
    -> Added to global_seen_states
    -> Child 34 created and added to next_queue
  Proposal: [29, 12] -> tuple (12, 29)
    -> Added to global_seen_states
    -> Child 35 created and added to next_queue
  Proposal: [25, 16] -> tuple (16, 25)
    -> Added to global_seen_states
    -> Child 36 created and added to next_queue
  Proposal: [4, 13] -> tuple (4, 13)
    -> Added to global_seen_states
    -> Child 37 created and added to next_queue
  Proposal: [3, 12] -> tuple (3, 12)
    -> DUPLICATE, skipping (already seen)
  Proposal: [-3, 12] -> tuple (-3, 12)
    -> Added to global_seen_states
    -> Child 38 created and added to next_queue
  Proposal: [192, 13] -> tuple (13, 192)
    -> Added to global_seen_states
    -> Child 39 created and added to next_queue
  Proposal: [1.3333333333333333, 13] -> tuple (1.3333333333333333, 13)
    -> Added to global_seen_states
    -> Child 40 created and added to next_queue

[DEBUG] Node 11: processing 1 proposals
  Proposal: [30] -> tuple (30,)
    -> Added to global_seen_states
    -> Child 44 created and added to next_queue

[DEBUG] Node 12: processing 1 proposals
  Proposal: [24.0] -> tuple (24.0,)
    -> Added to global_seen_states
    -> Child 45 created and added to next_queue

[DEBUG] Node 14: processing 1 proposals
  Proposal: [18] -> tuple (18,)
    -> Added to global_seen_states
    -> Child 46 created and added to next_queue

[DEBUG] Node 15: processing 1 proposals
  Proposal: [24.0] -> tuple (24.0,)
    -> DUPLICATE, skipping (already seen)

[DEBUG] Node 19: processing 1 proposals
  Proposal: [21] -> tuple (21,)
    -> Added to global_seen_states
    -> Child 47 created and added to next_queue

[DEBUG] Node 0: processing 8 proposals
  Proposal: [16, 12, 13] -> tuple (12, 13, 16)
    -> Added to global_seen_states
    -> Child 1 created and added to next_queue
  Proposal: [18, 10, 13] -> tuple (10, 13, 18)
    -> Added to global_seen_states
    -> Child 2 created and added to next_queue
  Proposal: [78, 10, 12] -> tuple (10, 12, 78)
    -> Added to global_seen_states
    -> Child 3 created and added to next_queue
  Proposal: [3, 6, 12] -> tuple (3, 6, 12)
    -> Added to global_seen_states
    -> Child 4 created and added to next_queue
  Proposal: [2.0, 10, 13] -> tuple (2.0, 10, 13)
    -> Added to global_seen_states
    -> Child 5 created and added to next_queue
  Proposal: [25, 6, 10] -> tuple (6, 10, 25)
    -> Added to global_seen_states
    -> Child 6 created and added to next_queue
  Proposal: [120, 6, 13] -> tuple (6, 13, 120)
    -> Added to global_seen_states
    -> Child 7 created and added to next_queue
  Proposal: [7, 10, 12] -> tuple (7, 10, 12)
    -> Added to global_seen_states
    -> Child 8 created and added to next_queue

[DEBUG] Node 4: processing 8 proposals
  Proposal: [18, 3] -> tuple (3, 18)
    -> Added to global_seen_states
    -> Child 9 created and added to next_queue
  Proposal: [18, 12] -> tuple (12, 18)
    -> Added to global_seen_states
    -> Child 10 created and added to next_queue
  Proposal: [9, 6] -> tuple (6, 9)
    -> Added to global_seen_states
    -> Child 11 created and added to next_queue
  Proposal: [4.0, 6] -> tuple (4.0, 6)
    -> Added to global_seen_states
    -> Child 12 created and added to next_queue
  Proposal: [36, 6] -> tuple (6, 36)
    -> Added to global_seen_states
    -> Child 13 created and added to next_queue
  Proposal: [9, 12] -> tuple (9, 12)
    -> Added to global_seen_states
    -> Child 14 created and added to next_queue
  Proposal: [6, 3] -> tuple (3, 6)
    -> Added to global_seen_states
    -> Child 15 created and added to next_queue
  Proposal: [2.0, 12] -> tuple (2.0, 12)
    -> Added to global_seen_states
    -> Child 16 created and added to next_queue

[DEBUG] Node 6: processing 8 proposals
  Proposal: [19, 10] -> tuple (10, 19)
    -> Added to global_seen_states
    -> Child 17 created and added to next_queue
  Proposal: [-19, 10] -> tuple (-19, 10)
    -> Added to global_seen_states
    -> Child 18 created and added to next_queue
  Proposal: [16, 25] -> tuple (16, 25)
    -> Added to global_seen_states
    -> Child 19 created and added to next_queue
  Proposal: [60, 25] -> tuple (25, 60)
    -> Added to global_seen_states
    -> Child 20 created and added to next_queue
  Proposal: [1.6666666666666667, 25] -> tuple (1.6666666666666667, 25)
    -> Added to global_seen_states
    -> Child 21 created and added to next_queue
  Proposal: [0.6, 25] -> tuple (0.6, 25)
    -> Added to global_seen_states
    -> Child 22 created and added to next_queue
  Proposal: [31, 10] -> tuple (10, 31)
    -> Added to global_seen_states
    -> Child 23 created and added to next_queue
  Proposal: [150, 10] -> tuple (10, 150)
    -> Added to global_seen_states
    -> Child 24 created and added to next_queue

[DEBUG] Node 2: processing 8 proposals
  Proposal: [28, 13] -> tuple (13, 28)
    -> Added to global_seen_states
    -> Child 25 created and added to next_queue
  Proposal: [31, 10] -> tuple (10, 31)
    -> DUPLICATE, skipping (already seen)
  Proposal: [23, 18] -> tuple (18, 23)
    -> Added to global_seen_states
    -> Child 26 created and added to next_queue
  Proposal: [8, 13] -> tuple (8, 13)
    -> Added to global_seen_states
    -> Child 27 created and added to next_queue
  Proposal: [5, 10] -> tuple (5, 10)
    -> Added to global_seen_states
    -> Child 28 created and added to next_queue
  Proposal: [-3, 18] -> tuple (-3, 18)
    -> Added to global_seen_states
    -> Child 29 created and added to next_queue
  Proposal: [180, 13] -> tuple (13, 180)
    -> Added to global_seen_states
    -> Child 30 created and added to next_queue
  Proposal: [130, 18] -> tuple (18, 130)
    -> Added to global_seen_states
    -> Child 31 created and added to next_queue

[DEBUG] Node 5: processing 8 proposals
  Proposal: [11.0, 10] -> tuple (10, 11.0)
    -> Added to global_seen_states
    -> Child 32 created and added to next_queue
  Proposal: [3, 2.0] -> tuple (2.0, 3)
    -> Added to global_seen_states
    -> Child 33 created and added to next_queue
  Proposal: [8.0, 13] -> tuple (8.0, 13)
    -> DUPLICATE, skipping (already seen)
  Proposal: [26.0, 10] -> tuple (10, 26.0)
    -> Added to global_seen_states
    -> Child 34 created and added to next_queue
  Proposal: [20.0, 13] -> tuple (13, 20.0)
    -> Added to global_seen_states
    -> Child 35 created and added to next_queue
  Proposal: [23, 2.0] -> tuple (2.0, 23)
    -> Added to global_seen_states
    -> Child 36 created and added to next_queue
  Proposal: [15.0, 10] -> tuple (10, 15.0)
    -> Added to global_seen_states
    -> Child 37 created and added to next_queue
  Proposal: [12.0, 13] -> tuple (12.0, 13)
    -> Added to global_seen_states
    -> Child 38 created and added to next_queue

[DEBUG] Node 1: processing 8 proposals
  Proposal: [28, 13] -> tuple (13, 28)
    -> DUPLICATE, skipping (already seen)
  Proposal: [29, 12] -> tuple (12, 29)
    -> Added to global_seen_states
    -> Child 39 created and added to next_queue
  Proposal: [25, 16] -> tuple (16, 25)
    -> DUPLICATE, skipping (already seen)
  Proposal: [4, 13] -> tuple (4, 13)
    -> Added to global_seen_states
    -> Child 40 created and added to next_queue
  Proposal: [-4, 13] -> tuple (-4, 13)
    -> Added to global_seen_states
    -> Child 41 created and added to next_queue
  Proposal: [3, 12] -> tuple (3, 12)
    -> Added to global_seen_states
    -> Child 42 created and added to next_queue
  Proposal: [-3, 12] -> tuple (-3, 12)
    -> Added to global_seen_states
    -> Child 43 created and added to next_queue
  Proposal: [1, 16] -> tuple (1, 16)
    -> Added to global_seen_states
    -> Child 44 created and added to next_queue

[DEBUG] Node 12: processing 1 proposals
  Proposal: [24.0] -> tuple (24.0,)
    -> Added to global_seen_states
    -> Child 47 created and added to next_queue

[DEBUG] Node 15: processing 1 proposals
  Proposal: [18] -> tuple (18,)
    -> Added to global_seen_states
    -> Child 48 created and added to next_queue

[DEBUG] Node 16: processing 1 proposals
  Proposal: [24.0] -> tuple (24.0,)
    -> DUPLICATE, skipping (already seen)

[DEBUG] Node 21: processing 1 proposals
  Proposal: [23.333333333333332] -> tuple (23.333333333333332,)
    -> Added to global_seen_states
    -> Child 49 created and added to next_queue

[DEBUG] Node 23: processing 1 proposals
  Proposal: [21] -> tuple (21,)
    -> Added to global_seen_states
    -> Child 50 created and added to next_queue

[DEBUG] Node 0: processing 1 proposals
  Proposal: [12, 5, 8] -> tuple (5, 8, 12)
    -> Added to global_seen_states
    -> Child 1 created and added to next_queue

[DEBUG] Node 1: processing 8 proposals
  Proposal: [60, 8] -> tuple (8, 60)
    -> Added to global_seen_states
    -> Child 2 created and added to next_queue
  Proposal: [96, 5] -> tuple (5, 96)
    -> Added to global_seen_states
    -> Child 3 created and added to next_queue
  Proposal: [40, 12] -> tuple (12, 40)
    -> Added to global_seen_states
    -> Child 4 created and added to next_queue
  Proposal: [17, 8] -> tuple (8, 17)
    -> Added to global_seen_states
    -> Child 5 created and added to next_queue
  Proposal: [20, 5] -> tuple (5, 20)
    -> Added to global_seen_states
    -> Child 6 created and added to next_queue
  Proposal: [13, 12] -> tuple (12, 13)
    -> Added to global_seen_states
    -> Child 7 created and added to next_queue
  Proposal: [7, 8] -> tuple (7, 8)
    -> Added to global_seen_states
    -> Child 8 created and added to next_queue
  Proposal: [4, 5] -> tuple (4, 5)
    -> Added to global_seen_states
    -> Child 9 created and added to next_queue

[DEBUG] Node 9: processing 1 proposals
  Proposal: [20] -> tuple (20,)
    -> Added to global_seen_states
    -> Child 10 created and added to next_queue

[DEBUG] Node 6: processing 0 proposals

[DEBUG] Node 4: processing 1 proposals
  Proposal: [28] -> tuple (28,)
    -> Added to global_seen_states
    -> Child 11 created and added to next_queue

[DEBUG] Node 5: processing 1 proposals
  Proposal: [25] -> tuple (25,)
    -> Added to global_seen_states
    -> Child 12 created and added to next_queue

[DEBUG] Node 7: processing 1 proposals
  Proposal: [25] -> tuple (25,)
    -> DUPLICATE, skipping (already seen)

[DEBUG] Node 0: processing 8 proposals
  Proposal: [12, 5, 8] -> tuple (5, 8, 12)
    -> Added to global_seen_states
    -> Child 1 created and added to next_queue
  Proposal: [8, 5, 8] -> tuple (5, 8, 8)
    -> Added to global_seen_states
    -> Child 2 created and added to next_queue
  Proposal: [40, 2, 10] -> tuple (2, 10, 40)
    -> Added to global_seen_states
    -> Child 3 created and added to next_queue
  Proposal: [5.0, 5, 8] -> tuple (5.0, 5, 8)
    -> Added to global_seen_states
    -> Child 4 created and added to next_queue
  Proposal: [3, 2, 10] -> tuple (2, 3, 10)
    -> Added to global_seen_states
    -> Child 5 created and added to next_queue
  Proposal: [18, 2, 5] -> tuple (2, 5, 18)
    -> Added to global_seen_states
    -> Child 6 created and added to next_queue
  Proposal: [16, 5, 10] -> tuple (5, 10, 16)
    -> Added to global_seen_states
    -> Child 7 created and added to next_queue
  Proposal: [2, 2, 5] -> tuple (2, 2, 5)
    -> Added to global_seen_states
    -> Child 8 created and added to next_queue

[DEBUG] Node 3: processing 8 proposals
  Proposal: [42, 10] -> tuple (10, 42)
    -> Added to global_seen_states
    -> Child 9 created and added to next_queue
  Proposal: [38, 10] -> tuple (10, 38)
    -> Added to global_seen_states
    -> Child 10 created and added to next_queue
  Proposal: [-38, 10] -> tuple (-38, 10)
    -> Added to global_seen_states
    -> Child 11 created and added to next_queue
  Proposal: [80, 10] -> tuple (10, 80)
    -> Added to global_seen_states
    -> Child 12 created and added to next_queue
  Proposal: [20.0, 10] -> tuple (10, 20.0)
    -> Added to global_seen_states
    -> Child 13 created and added to next_queue
  Proposal: [50, 2] -> tuple (2, 50)
    -> Added to global_seen_states
    -> Child 14 created and added to next_queue
  Proposal: [30, 2] -> tuple (2, 30)
    -> Added to global_seen_states
    -> Child 15 created and added to next_queue
  Proposal: [20, 40] -> tuple (20, 40)
    -> Added to global_seen_states
    -> Child 16 created and added to next_queue

[DEBUG] Node 1: processing 8 proposals
  Proposal: [60, 8] -> tuple (8, 60)
    -> Added to global_seen_states
    -> Child 17 created and added to next_queue
  Proposal: [96, 5] -> tuple (5, 96)
    -> Added to global_seen_states
    -> Child 18 created and added to next_queue
  Proposal: [40, 12] -> tuple (12, 40)
    -> Added to global_seen_states
    -> Child 19 created and added to next_queue
  Proposal: [17, 8] -> tuple (8, 17)
    -> Added to global_seen_states
    -> Child 20 created and added to next_queue
  Proposal: [20, 5] -> tuple (5, 20)
    -> Added to global_seen_states
    -> Child 21 created and added to next_queue
  Proposal: [7, 8] -> tuple (7, 8)
    -> Added to global_seen_states
    -> Child 22 created and added to next_queue
  Proposal: [4, 5] -> tuple (4, 5)
    -> Added to global_seen_states
    -> Child 23 created and added to next_queue
  Proposal: [-7, 8] -> tuple (-7, 8)
    -> Added to global_seen_states
    -> Child 24 created and added to next_queue

[DEBUG] Node 2: processing 8 proposals
  Proposal: [13, 8] -> tuple (8, 13)
    -> Added to global_seen_states
    -> Child 25 created and added to next_queue
  Proposal: [40, 8] -> tuple (8, 40)
    -> Added to global_seen_states
    -> Child 26 created and added to next_queue
  Proposal: [3, 8] -> tuple (3, 8)
    -> Added to global_seen_states
    -> Child 27 created and added to next_queue
  Proposal: [0, 5] -> tuple (0, 5)
    -> Added to global_seen_states
    -> Child 28 created and added to next_queue
  Proposal: [16, 5] -> tuple (5, 16)
    -> Added to global_seen_states
    -> Child 29 created and added to next_queue
  Proposal: [64, 5] -> tuple (5, 64)
    -> Added to global_seen_states
    -> Child 30 created and added to next_queue
  Proposal: [1.6, 8] -> tuple (1.6, 8)
    -> Added to global_seen_states
    -> Child 31 created and added to next_queue
  Proposal: [1.0, 5] -> tuple (1.0, 5)
    -> Added to global_seen_states
    -> Child 32 created and added to next_queue

[DEBUG] Node 5: processing 8 proposals
  Proposal: [5, 10] -> tuple (5, 10)
    -> Added to global_seen_states
    -> Child 33 created and added to next_queue
  Proposal: [13, 2] -> tuple (2, 13)
    -> Added to global_seen_states
    -> Child 34 created and added to next_queue
  Proposal: [12, 3] -> tuple (3, 12)
    -> Added to global_seen_states
    -> Child 35 created and added to next_queue
  Proposal: [6, 10] -> tuple (6, 10)
    -> Added to global_seen_states
    -> Child 36 created and added to next_queue
  Proposal: [30, 2] -> tuple (2, 30)
    -> DUPLICATE, skipping (already seen)
  Proposal: [20, 3] -> tuple (3, 20)
    -> Added to global_seen_states
    -> Child 37 created and added to next_queue
  Proposal: [1, 10] -> tuple (1, 10)
    -> Added to global_seen_states
    -> Child 38 created and added to next_queue
  Proposal: [7, 2] -> tuple (2, 7)
    -> Added to global_seen_states
    -> Child 39 created and added to next_queue

[DEBUG] Node 6: processing 8 proposals
  Proposal: [20, 5] -> tuple (5, 20)
    -> DUPLICATE, skipping (already seen)
  Proposal: [16, 5] -> tuple (5, 16)
    -> DUPLICATE, skipping (already seen)
  Proposal: [-16, 5] -> tuple (-16, 5)
    -> Added to global_seen_states
    -> Child 40 created and added to next_queue
  Proposal: [36, 5] -> tuple (5, 36)
    -> Added to global_seen_states
    -> Child 41 created and added to next_queue
  Proposal: [9.0, 5] -> tuple (5, 9.0)
    -> Added to global_seen_states
    -> Child 42 created and added to next_queue
  Proposal: [0.1111111111111111, 5] -> tuple (0.1111111111111111, 5)
    -> Added to global_seen_states
    -> Child 43 created and added to next_queue
  Proposal: [23, 2] -> tuple (2, 23)
    -> Added to global_seen_states
    -> Child 44 created and added to next_queue
  Proposal: [13, 2] -> tuple (2, 13)
    -> DUPLICATE, skipping (already seen)

[DEBUG] Node 23: processing 1 proposals
  Proposal: [20] -> tuple (20,)
    -> Added to global_seen_states
    -> Child 46 created and added to next_queue

[DEBUG] Node 27: processing 1 proposals
  Proposal: [24] -> tuple (24,)
    -> Added to global_seen_states
    -> Child 47 created and added to next_queue

[DEBUG] Node 34: processing 1 proposals
  Proposal: [26] -> tuple (26,)
    -> Added to global_seen_states
    -> Child 48 created and added to next_queue

[DEBUG] Node 10: processing 1 proposals
  Proposal: [28] -> tuple (28,)
    -> Added to global_seen_states
    -> Child 49 created and added to next_queue

[DEBUG] Node 15: processing 1 proposals
  Proposal: [28] -> tuple (28,)
    -> DUPLICATE, skipping (already seen)

[DEBUG] Node 0: processing 8 proposals
  Proposal: [18, 2, 5] -> tuple (2, 5, 18)
    -> Added to global_seen_states
    -> Child 1 created and added to next_queue
  Proposal: [2, 2, 5] -> tuple (2, 2, 5)
    -> Added to global_seen_states
    -> Child 2 created and added to next_queue
  Proposal: [-2, 2, 5] -> tuple (-2, 2, 5)
    -> Added to global_seen_states
    -> Child 3 created and added to next_queue
  Proposal: [80, 2, 5] -> tuple (2, 5, 80)
    -> Added to global_seen_states
    -> Child 4 created and added to next_queue
  Proposal: [1.25, 2, 5] -> tuple (1.25, 2, 5)
    -> Added to global_seen_states
    -> Child 5 created and added to next_queue
  Proposal: [0.8, 2, 5] -> tuple (0.8, 2, 5)
    -> Added to global_seen_states
    -> Child 6 created and added to next_queue
  Proposal: [15, 2, 8] -> tuple (2, 8, 15)
    -> Added to global_seen_states
    -> Child 7 created and added to next_queue
  Proposal: [5, 2, 8] -> tuple (2, 5, 8)
    -> Added to global_seen_states
    -> Child 8 created and added to next_queue

[DEBUG] Node 1: processing 8 proposals
  Proposal: [16, 5] -> tuple (5, 16)
    -> Added to global_seen_states
    -> Child 9 created and added to next_queue
  Proposal: [13, 2] -> tuple (2, 13)
    -> Added to global_seen_states
    -> Child 10 created and added to next_queue
  Proposal: [9.0, 5] -> tuple (5, 9.0)
    -> Added to global_seen_states
    -> Child 11 created and added to next_queue
  Proposal: [3.6, 2] -> tuple (2, 3.6)
    -> Added to global_seen_states
    -> Child 12 created and added to next_queue
  Proposal: [10, 18] -> tuple (10, 18)
    -> Added to global_seen_states
    -> Child 13 created and added to next_queue
  Proposal: [7, 18] -> tuple (7, 18)
    -> Added to global_seen_states
    -> Child 14 created and added to next_queue
  Proposal: [3, 18] -> tuple (3, 18)
    -> Added to global_seen_states
    -> Child 15 created and added to next_queue
  Proposal: [36, 5] -> tuple (5, 36)
    -> Added to global_seen_states
    -> Child 16 created and added to next_queue

[DEBUG] Node 2: processing 5 proposals
  Proposal: [10, 2] -> tuple (2, 10)
    -> Added to global_seen_states
    -> Child 17 created and added to next_queue
  Proposal: [4, 5] -> tuple (4, 5)
    -> Added to global_seen_states
    -> Child 18 created and added to next_queue
  Proposal: [7, 2] -> tuple (2, 7)
    -> Added to global_seen_states
    -> Child 19 created and added to next_queue
  Proposal: [3, 2] -> tuple (2, 3)
    -> Added to global_seen_states
    -> Child 20 created and added to next_queue
  Proposal: [2.5, 2] -> tuple (2, 2.5)
    -> Added to global_seen_states
    -> Child 21 created and added to next_queue

[DEBUG] Node 7: processing 8 proposals
  Proposal: [13, 8] -> tuple (8, 13)
    -> Added to global_seen_states
    -> Child 22 created and added to next_queue
  Proposal: [-13, 8] -> tuple (-13, 8)
    -> Added to global_seen_states
    -> Child 23 created and added to next_queue
  Proposal: [30, 8] -> tuple (8, 30)
    -> Added to global_seen_states
    -> Child 24 created and added to next_queue
  Proposal: [7.5, 8] -> tuple (7.5, 8)
    -> Added to global_seen_states
    -> Child 25 created and added to next_queue
  Proposal: [7, 2] -> tuple (2, 7)
    -> DUPLICATE, skipping (already seen)
  Proposal: [-7, 2] -> tuple (-7, 2)
    -> Added to global_seen_states
    -> Child 26 created and added to next_queue
  Proposal: [120, 2] -> tuple (2, 120)
    -> Added to global_seen_states
    -> Child 27 created and added to next_queue
  Proposal: [10, 15] -> tuple (10, 15)
    -> Added to global_seen_states
    -> Child 28 created and added to next_queue

[DEBUG] Node 8: processing 8 proposals
  Proposal: [7, 8] -> tuple (7, 8)
    -> Added to global_seen_states
    -> Child 29 created and added to next_queue
  Proposal: [3, 8] -> tuple (3, 8)
    -> Added to global_seen_states
    -> Child 30 created and added to next_queue
  Proposal: [-3, 8] -> tuple (-3, 8)
    -> Added to global_seen_states
    -> Child 31 created and added to next_queue
  Proposal: [10, 8] -> tuple (8, 10)
    -> Added to global_seen_states
    -> Child 32 created and added to next_queue
  Proposal: [2.5, 8] -> tuple (2.5, 8)
    -> Added to global_seen_states
    -> Child 33 created and added to next_queue
  Proposal: [13, 2] -> tuple (2, 13)
    -> DUPLICATE, skipping (already seen)
  Proposal: [3, 2] -> tuple (2, 3)
    -> DUPLICATE, skipping (already seen)
  Proposal: [40, 2] -> tuple (2, 40)
    -> Added to global_seen_states
    -> Child 34 created and added to next_queue

[DEBUG] Node 3: processing 8 proposals
  Proposal: [0, 5] -> tuple (0, 5)
    -> Added to global_seen_states
    -> Child 35 created and added to next_queue
  Proposal: [3, 2] -> tuple (2, 3)
    -> DUPLICATE, skipping (already seen)
  Proposal: [7, -2] -> tuple (-2, 7)
    -> Added to global_seen_states
    -> Child 36 created and added to next_queue
  Proposal: [4, 5] -> tuple (4, 5)
    -> DUPLICATE, skipping (already seen)
  Proposal: [7, 2] -> tuple (2, 7)
    -> DUPLICATE, skipping (already seen)
  Proposal: [3, -2] -> tuple (-2, 3)
    -> Added to global_seen_states
    -> Child 37 created and added to next_queue
  Proposal: [-4, 5] -> tuple (-4, 5)
    -> Added to global_seen_states
    -> Child 38 created and added to next_queue
  Proposal: [-10, 2] -> tuple (-10, 2)
    -> Added to global_seen_states
    -> Child 39 created and added to next_queue

[DEBUG] Node 10: processing 1 proposals
  Proposal: [26] -> tuple (26,)
    -> Added to global_seen_states
    -> Child 41 created and added to next_queue

[DEBUG] Node 18: processing 1 proposals
  Proposal: [20] -> tuple (20,)
    -> Added to global_seen_states
    -> Child 42 created and added to next_queue

[DEBUG] Node 30: processing 1 proposals
  Proposal: [24] -> tuple (24,)
    -> Added to global_seen_states
    -> Child 43 created and added to next_queue

[DEBUG] Node 24: processing 0 proposals

[DEBUG] Node 34: processing 1 proposals
  Proposal: [20.0] -> tuple (20.0,)
    -> DUPLICATE, skipping (already seen)

[DEBUG] Node 0: processing 8 proposals
  Proposal: [18, 3, 4] -> tuple (3, 4, 18)
    -> Added to global_seen_states
    -> Child 1 created and added to next_queue
  Proposal: [27, 4, 9] -> tuple (4, 9, 27)
    -> Added to global_seen_states
    -> Child 2 created and added to next_queue
  Proposal: [3.0, 4, 9] -> tuple (3.0, 4, 9)
    -> Added to global_seen_states
    -> Child 3 created and added to next_queue
  Proposal: [5, 3, 9] -> tuple (3, 5, 9)
    -> Added to global_seen_states
    -> Child 4 created and added to next_queue
  Proposal: [6, 4, 9] -> tuple (4, 6, 9)
    -> Added to global_seen_states
    -> Child 5 created and added to next_queue
  Proposal: [36, 3, 9] -> tuple (3, 9, 36)
    -> Added to global_seen_states
    -> Child 6 created and added to next_queue
  Proposal: [13, 3, 9] -> tuple (3, 9, 13)
    -> Added to global_seen_states
    -> Child 7 created and added to next_queue
  Proposal: [0, 3, 4] -> tuple (0, 3, 4)
    -> Added to global_seen_states
    -> Child 8 created and added to next_queue

[DEBUG] Node 6: processing 8 proposals
  Proposal: [39, 9] -> tuple (9, 39)
    -> Added to global_seen_states
    -> Child 9 created and added to next_queue
  Proposal: [45, 3] -> tuple (3, 45)
    -> Added to global_seen_states
    -> Child 10 created and added to next_queue
  Proposal: [33, 9] -> tuple (9, 33)
    -> Added to global_seen_states
    -> Child 11 created and added to next_queue
  Proposal: [27, 3] -> tuple (3, 27)
    -> Added to global_seen_states
    -> Child 12 created and added to next_queue
  Proposal: [108, 9] -> tuple (9, 108)
    -> Added to global_seen_states
    -> Child 13 created and added to next_queue
  Proposal: [12.0, 9] -> tuple (9, 12.0)
    -> Added to global_seen_states
    -> Child 14 created and added to next_queue
  Proposal: [4.0, 3] -> tuple (3, 4.0)
    -> Added to global_seen_states
    -> Child 15 created and added to next_queue
  Proposal: [12, 36] -> tuple (12, 36)
    -> Added to global_seen_states
    -> Child 16 created and added to next_queue

[DEBUG] Node 1: processing 3 proposals
  Proposal: [6.0, 4] -> tuple (4, 6.0)
    -> Added to global_seen_states
    -> Child 17 created and added to next_queue
  Proposal: [0.75, 18] -> tuple (0.75, 18)
    -> Added to global_seen_states
    -> Child 18 created and added to next_queue
  Proposal: [1.3333333333333333, 18] -> tuple (1.3333333333333333, 18)
    -> Added to global_seen_states
    -> Child 19 created and added to next_queue

[DEBUG] Node 4: processing 8 proposals
  Proposal: [27, 5] -> tuple (5, 27)
    -> Added to global_seen_states
    -> Child 20 created and added to next_queue
  Proposal: [45, 3] -> tuple (3, 45)
    -> DUPLICATE, skipping (already seen)
  Proposal: [14, 3] -> tuple (3, 14)
    -> Added to global_seen_states
    -> Child 21 created and added to next_queue
  Proposal: [12, 5] -> tuple (5, 12)
    -> Added to global_seen_states
    -> Child 22 created and added to next_queue
  Proposal: [4, 3] -> tuple (3, 4)
    -> DUPLICATE, skipping (already seen)
  Proposal: [6, 5] -> tuple (5, 6)
    -> Added to global_seen_states
    -> Child 23 created and added to next_queue
  Proposal: [3.0, 5] -> tuple (3.0, 5)
    -> Added to global_seen_states
    -> Child 24 created and added to next_queue
  Proposal: [1.8, 3] -> tuple (1.8, 3)
    -> Added to global_seen_states
    -> Child 25 created and added to next_queue

[DEBUG] Node 2: processing 8 proposals
  Proposal: [36, 4] -> tuple (4, 36)
    -> Added to global_seen_states
    -> Child 26 created and added to next_queue
  Proposal: [23, 9] -> tuple (9, 23)
    -> Added to global_seen_states
    -> Child 27 created and added to next_queue
  Proposal: [18, 4] -> tuple (4, 18)
    -> Added to global_seen_states
    -> Child 28 created and added to next_queue
  Proposal: [108, 9] -> tuple (9, 108)
    -> DUPLICATE, skipping (already seen)
  Proposal: [3, 4] -> tuple (3, 4)
    -> DUPLICATE, skipping (already seen)
  Proposal: [0.3333333333333333, 4] -> tuple (0.3333333333333333, 4)
    -> Added to global_seen_states
    -> Child 29 created and added to next_queue
  Proposal: [13, 27] -> tuple (13, 27)
    -> Added to global_seen_states
    -> Child 30 created and added to next_queue
  Proposal: [5, 27] -> tuple (5, 27)
    -> DUPLICATE, skipping (already seen)

[DEBUG] Node 3: processing 8 proposals
  Proposal: [12.0, 4] -> tuple (4, 12.0)
    -> Added to global_seen_states
    -> Child 31 created and added to next_queue
  Proposal: [36, 3.0] -> tuple (3.0, 36)
    -> Added to global_seen_states
    -> Child 32 created and added to next_queue
  Proposal: [6.0, 4] -> tuple (4, 6.0)
    -> DUPLICATE, skipping (already seen)
  Proposal: [5, 3.0] -> tuple (3.0, 5)
    -> DUPLICATE, skipping (already seen)
  Proposal: [12.0, 9] -> tuple (9, 12.0)
    -> DUPLICATE, skipping (already seen)
  Proposal: [3.0, 4] -> tuple (3.0, 4)
    -> DUPLICATE, skipping (already seen)
  Proposal: [7.0, 9] -> tuple (7.0, 9)
    -> Added to global_seen_states
    -> Child 33 created and added to next_queue
  Proposal: [1.3333333333333333, 9] -> tuple (1.3333333333333333, 9)
    -> Added to global_seen_states
    -> Child 34 created and added to next_queue

[DEBUG] Node 11: processing 1 proposals
  Proposal: [24] -> tuple (24,)
    -> Added to global_seen_states
    -> Child 40 created and added to next_queue

[DEBUG] Node 12: processing 1 proposals
  Proposal: [24] -> tuple (24,)
    -> DUPLICATE, skipping (already seen)

[DEBUG] Node 16: processing 1 proposals
  Proposal: [24] -> tuple (24,)
    -> DUPLICATE, skipping (already seen)

[DEBUG] Node 17: processing 1 proposals
  Proposal: [24.0] -> tuple (24.0,)
    -> DUPLICATE, skipping (already seen)

[DEBUG] Node 18: processing 1 proposals
  Proposal: [24.0] -> tuple (24.0,)
    -> DUPLICATE, skipping (already seen)

[DEBUG] Node 0: processing 8 proposals
  Proposal: [81, 3, 4] -> tuple (3, 4, 81)
    -> Added to global_seen_states
    -> Child 1 created and added to next_queue
  Proposal: [3.0, 4, 9] -> tuple (3.0, 4, 9)
    -> Added to global_seen_states
    -> Child 2 created and added to next_queue
  Proposal: [2.25, 3, 9] -> tuple (2.25, 3, 9)
    -> Added to global_seen_states
    -> Child 3 created and added to next_queue
  Proposal: [0, 3, 4] -> tuple (0, 3, 4)
    -> Added to global_seen_states
    -> Child 4 created and added to next_queue
  Proposal: [18, 3, 4] -> tuple (3, 4, 18)
    -> Added to global_seen_states
    -> Child 5 created and added to next_queue
  Proposal: [36, 3, 9] -> tuple (3, 9, 36)
    -> Added to global_seen_states
    -> Child 6 created and added to next_queue
  Proposal: [5, 3, 9] -> tuple (3, 5, 9)
    -> Added to global_seen_states
    -> Child 7 created and added to next_queue
  Proposal: [12, 4, 9] -> tuple (4, 9, 12)
    -> Added to global_seen_states
    -> Child 8 created and added to next_queue

[DEBUG] Node 6: processing 8 proposals
  Proposal: [39, 9] -> tuple (9, 39)
    -> DEAD-END pattern, skipping (reason: no_op_reaches_24: tried all 6 ops on 39.0,9.0)
  Proposal: [33, 9] -> tuple (9, 33)
    -> Added to global_seen_states
    -> Child 9 created and added to next_queue
  Proposal: [-33, 9] -> tuple (-33, 9)
    -> DEAD-END pattern, skipping (reason: no_op_reaches_24: tried all 6 ops on -33.0,9.0)
  Proposal: [108, 9] -> tuple (9, 108)
    -> DEAD-END pattern, skipping (reason: no_op_reaches_24: tried all 6 ops on 108.0,9.0)
  Proposal: [12.0, 9] -> tuple (9, 12.0)
    -> DEAD-END pattern, skipping (reason: no_op_reaches_24: tried all 6 ops on 12.0,9.0)
  Proposal: [0.08333333333333333, 9] -> tuple (0.08333333333333333, 9)
    -> DEAD-END pattern, skipping (reason: no_op_reaches_24: tried all 6 ops on 0.08333333333333333,9.0)
  Proposal: [45, 3] -> tuple (3, 45)
    -> DEAD-END pattern, skipping (reason: no_op_reaches_24: tried all 6 ops on 45.0,3.0)
  Proposal: [27, 3] -> tuple (3, 27)
    -> Added to global_seen_states
    -> Child 10 created and added to next_queue

[DEBUG] Node 5: processing 8 proposals
  Proposal: [54, 4] -> tuple (4, 54)
    -> DEAD-END pattern, skipping (reason: no_op_reaches_24: tried all 6 ops on 54.0,4.0)
  Proposal: [72, 3] -> tuple (3, 72)
    -> Added to global_seen_states
    -> Child 11 created and added to next_queue
  Proposal: [12, 18] -> tuple (12, 18)
    -> DEAD-END pattern, skipping (reason: no_op_reaches_24: tried all 6 ops on 12.0,18.0)
  Proposal: [21, 4] -> tuple (4, 21)
    -> DEAD-END pattern, skipping (reason: no_op_reaches_24: tried all 6 ops on 21.0,4.0)
  Proposal: [22, 3] -> tuple (3, 22)
    -> DEAD-END pattern, skipping (reason: no_op_reaches_24: tried all 6 ops on 22.0,3.0)
  Proposal: [15, 4] -> tuple (4, 15)
    -> DEAD-END pattern, skipping (reason: no_op_reaches_24: tried all 6 ops on 15.0,4.0)
  Proposal: [14, 3] -> tuple (3, 14)
    -> DEAD-END pattern, skipping (reason: no_op_reaches_24: tried all 6 ops on 14.0,3.0)
  Proposal: [6.0, 4] -> tuple (4, 6.0)
    -> Added to global_seen_states
    -> Child 12 created and added to next_queue

[DEBUG] Node 7: processing 8 proposals
  Proposal: [8, 9] -> tuple (8, 9)
    -> DEAD-END pattern, skipping (reason: no_op_reaches_24: tried all 6 ops on 8.0,9.0)
  Proposal: [2, 9] -> tuple (2, 9)
    -> DEAD-END pattern, skipping (reason: no_op_reaches_24: tried all 6 ops on 2.0,9.0)
  Proposal: [-2, 9] -> tuple (-2, 9)
    -> DEAD-END pattern, skipping (reason: no_op_reaches_24: tried all 6 ops on -2.0,9.0)
  Proposal: [15, 9] -> tuple (9, 15)
    -> Added to global_seen_states
    -> Child 13 created and added to next_queue
  Proposal: [1.6666666666666667, 9] -> tuple (1.6666666666666667, 9)
    -> DEAD-END pattern, skipping (reason: no_op_reaches_24: tried all 6 ops on 1.6666666666666667,9.0)
  Proposal: [0.6, 9] -> tuple (0.6, 9)
    -> DEAD-END pattern, skipping (reason: no_op_reaches_24: tried all 6 ops on 0.6,9.0)
  Proposal: [14, 3] -> tuple (3, 14)
    -> DEAD-END pattern, skipping (reason: no_op_reaches_24: tried all 6 ops on 14.0,3.0)
  Proposal: [-4, 3] -> tuple (-4, 3)
    -> DEAD-END pattern, skipping (reason: no_op_reaches_24: tried all 6 ops on -4.0,3.0)

[DEBUG] Node 8: processing 8 proposals
  Proposal: [16, 9] -> tuple (9, 16)
    -> DEAD-END pattern, skipping (reason: no_op_reaches_24: tried all 6 ops on 16.0,9.0)
  Proposal: [8, 9] -> tuple (8, 9)
    -> DEAD-END pattern, skipping (reason: no_op_reaches_24: tried all 6 ops on 8.0,9.0)
  Proposal: [-8, 9] -> tuple (-8, 9)
    -> DEAD-END pattern, skipping (reason: no_op_reaches_24: tried all 6 ops on -8.0,9.0)
  Proposal: [48, 9] -> tuple (9, 48)
    -> DEAD-END pattern, skipping (reason: no_op_reaches_24: tried all 6 ops on 48.0,9.0)
  Proposal: [3.0, 9] -> tuple (3.0, 9)
    -> DEAD-END pattern, skipping (reason: no_op_reaches_24: tried all 6 ops on 3.0,9.0)
  Proposal: [0.3333333333333333, 9] -> tuple (0.3333333333333333, 9)
    -> DEAD-END pattern, skipping (reason: no_op_reaches_24: tried all 6 ops on 0.3333333333333333,9.0)
  Proposal: [21, 4] -> tuple (4, 21)
    -> DEAD-END pattern, skipping (reason: no_op_reaches_24: tried all 6 ops on 21.0,4.0)
  Proposal: [3, 4] -> tuple (3, 4)
    -> DEAD-END pattern, skipping (reason: no_op_reaches_24: tried all 6 ops on 3.0,4.0)

[DEBUG] Node 1: processing 8 proposals
  Proposal: [84, 4] -> tuple (4, 84)
    -> DEAD-END pattern, skipping (reason: no_op_reaches_24: tried all 6 ops on 84.0,4.0)
  Proposal: [78, 4] -> tuple (4, 78)
    -> DEAD-END pattern, skipping (reason: no_op_reaches_24: tried all 6 ops on 78.0,4.0)
  Proposal: [-78, 4] -> tuple (-78, 4)
    -> DEAD-END pattern, skipping (reason: no_op_reaches_24: tried all 6 ops on -78.0,4.0)
  Proposal: [243, 4] -> tuple (4, 243)
    -> DEAD-END pattern, skipping (reason: no_op_reaches_24: tried all 6 ops on 243.0,4.0)
  Proposal: [27.0, 4] -> tuple (4, 27.0)
    -> DEAD-END pattern, skipping (reason: no_op_reaches_24: tried all 6 ops on 27.0,4.0)
  Proposal: [0.037037037037037035, 4] -> tuple (0.037037037037037035, 4)
    -> DEAD-END pattern, skipping (reason: no_op_reaches_24: tried all 6 ops on 0.037037037037037035,4.0)
  Proposal: [85, 3] -> tuple (3, 85)
    -> DEAD-END pattern, skipping (reason: no_op_reaches_24: tried all 6 ops on 85.0,3.0)
  Proposal: [77, 3] -> tuple (3, 77)
    -> DEAD-END pattern, skipping (reason: no_op_reaches_24: tried all 6 ops on 77.0,3.0)

[DEBUG] Node 9: processing 1 proposals
  Proposal: [24] -> tuple (24,)
    -> Added to global_seen_states
    -> Child 19 created and added to next_queue

[DEBUG] Node 10: processing 1 proposals
  Proposal: [24] -> tuple (24,)
    -> DUPLICATE, skipping (already seen)

[DEBUG] Node 11: processing 1 proposals
  Proposal: [24.0] -> tuple (24.0,)
    -> DUPLICATE, skipping (already seen)

[DEBUG] Node 12: processing 1 proposals
  Proposal: [24.0] -> tuple (24.0,)
    -> DUPLICATE, skipping (already seen)

[DEBUG] Node 13: processing 0 proposals

[DEBUG] Node 0: processing 8 proposals
  Proposal: [7, 9, 9] -> tuple (7, 9, 9)
    -> Added to global_seen_states
    -> Child 1 created and added to next_queue
  Proposal: [27, 4, 9] -> tuple (4, 9, 27)
    -> Added to global_seen_states
    -> Child 2 created and added to next_queue
  Proposal: [5, 3, 9] -> tuple (3, 5, 9)
    -> Added to global_seen_states
    -> Child 3 created and added to next_queue
  Proposal: [3.0, 4, 9] -> tuple (3.0, 4, 9)
    -> Added to global_seen_states
    -> Child 4 created and added to next_queue
  Proposal: [18, 3, 4] -> tuple (3, 4, 18)
    -> Added to global_seen_states
    -> Child 5 created and added to next_queue
  Proposal: [36, 3, 9] -> tuple (3, 9, 36)
    -> Added to global_seen_states
    -> Child 6 created and added to next_queue
  Proposal: [2.25, 3, 9] -> tuple (2.25, 3, 9)
    -> Added to global_seen_states
    -> Child 7 created and added to next_queue
  Proposal: [6, 4, 9] -> tuple (4, 6, 9)
    -> Added to global_seen_states
    -> Child 8 created and added to next_queue

[DEBUG] Node 6: processing 8 proposals
  Proposal: [39, 9] -> tuple (9, 39)
    -> DEAD-END pattern, skipping (reason: no_op_reaches_24: tried all 6 ops on 39.0,9.0)
  Proposal: [45, 3] -> tuple (3, 45)
    -> DEAD-END pattern, skipping (reason: no_op_reaches_24: tried all 6 ops on 45.0,3.0)
  Proposal: [33, 9] -> tuple (9, 33)
    -> Added to global_seen_states
    -> Child 9 created and added to next_queue
  Proposal: [27, 3] -> tuple (3, 27)
    -> Added to global_seen_states
    -> Child 10 created and added to next_queue
  Proposal: [108, 9] -> tuple (9, 108)
    -> DEAD-END pattern, skipping (reason: no_op_reaches_24: tried all 6 ops on 108.0,9.0)
  Proposal: [324, 3] -> tuple (3, 324)
    -> DEAD-END pattern, skipping (reason: no_op_reaches_24: tried all 6 ops on 324.0,3.0)
  Proposal: [12.0, 9] -> tuple (9, 12.0)
    -> DEAD-END pattern, skipping (reason: no_op_reaches_24: tried all 6 ops on 12.0,9.0)
  Proposal: [4.0, 3] -> tuple (3, 4.0)
    -> DEAD-END pattern, skipping (reason: no_op_reaches_24: tried all 6 ops on 4.0,3.0)

[DEBUG] Node 3: processing 8 proposals
  Proposal: [8, 9] -> tuple (8, 9)
    -> DEAD-END pattern, skipping (reason: no_op_reaches_24: tried all 6 ops on 8.0,9.0)
  Proposal: [2, 9] -> tuple (2, 9)
    -> DEAD-END pattern, skipping (reason: no_op_reaches_24: tried all 6 ops on 2.0,9.0)
  Proposal: [-2, 9] -> tuple (-2, 9)
    -> DEAD-END pattern, skipping (reason: no_op_reaches_24: tried all 6 ops on -2.0,9.0)
  Proposal: [15, 9] -> tuple (9, 15)
    -> Added to global_seen_states
    -> Child 11 created and added to next_queue
  Proposal: [1.6666666666666667, 9] -> tuple (1.6666666666666667, 9)
    -> DEAD-END pattern, skipping (reason: no_op_reaches_24: tried all 6 ops on 1.6666666666666667,9.0)
  Proposal: [0.6, 9] -> tuple (0.6, 9)
    -> DEAD-END pattern, skipping (reason: no_op_reaches_24: tried all 6 ops on 0.6,9.0)
  Proposal: [14, 3] -> tuple (3, 14)
    -> DEAD-END pattern, skipping (reason: no_op_reaches_24: tried all 6 ops on 14.0,3.0)
  Proposal: [-4, 3] -> tuple (-4, 3)
    -> DEAD-END pattern, skipping (reason: no_op_reaches_24: tried all 6 ops on -4.0,3.0)

[DEBUG] Node 5: processing 8 proposals
  Proposal: [54, 4] -> tuple (4, 54)
    -> DEAD-END pattern, skipping (reason: no_op_reaches_24: tried all 6 ops on 54.0,4.0)
  Proposal: [6.0, 4] -> tuple (4, 6.0)
    -> Added to global_seen_states
    -> Child 12 created and added to next_queue
  Proposal: [4.5, 3] -> tuple (3, 4.5)
    -> DEAD-END pattern, skipping (reason: no_op_reaches_24: tried all 6 ops on 4.5,3.0)
  Proposal: [21, 4] -> tuple (4, 21)
    -> DEAD-END pattern, skipping (reason: no_op_reaches_24: tried all 6 ops on 21.0,4.0)
  Proposal: [15, 4] -> tuple (4, 15)
    -> DEAD-END pattern, skipping (reason: no_op_reaches_24: tried all 6 ops on 15.0,4.0)
  Proposal: [22, 3] -> tuple (3, 22)
    -> DEAD-END pattern, skipping (reason: no_op_reaches_24: tried all 6 ops on 22.0,3.0)
  Proposal: [12, 18] -> tuple (12, 18)
    -> DEAD-END pattern, skipping (reason: no_op_reaches_24: tried all 6 ops on 12.0,18.0)
  Proposal: [1.3333333333333333, 18] -> tuple (1.3333333333333333, 18)
    -> Added to global_seen_states
    -> Child 13 created and added to next_queue

[DEBUG] Node 2: processing 8 proposals
  Proposal: [31, 9] -> tuple (9, 31)
    -> DEAD-END pattern, skipping (reason: no_op_reaches_24: tried all 6 ops on 31.0,9.0)
  Proposal: [23, 9] -> tuple (9, 23)
    -> DEAD-END pattern, skipping (reason: no_op_reaches_24: tried all 6 ops on 23.0,9.0)
  Proposal: [-23, 9] -> tuple (-23, 9)
    -> DEAD-END pattern, skipping (reason: no_op_reaches_24: tried all 6 ops on -23.0,9.0)
  Proposal: [108, 9] -> tuple (9, 108)
    -> DEAD-END pattern, skipping (reason: no_op_reaches_24: tried all 6 ops on 108.0,9.0)
  Proposal: [6.75, 9] -> tuple (6.75, 9)
    -> DEAD-END pattern, skipping (reason: no_op_reaches_24: tried all 6 ops on 6.75,9.0)
  Proposal: [0.14814814814814814, 9] -> tuple (0.14814814814814814, 9)
    -> DEAD-END pattern, skipping (reason: no_op_reaches_24: tried all 6 ops on 0.14814814814814814,9.0)
  Proposal: [36, 4] -> tuple (4, 36)
    -> DEAD-END pattern, skipping (reason: no_op_reaches_24: tried all 6 ops on 36.0,4.0)
  Proposal: [18, 4] -> tuple (4, 18)
    -> DEAD-END pattern, skipping (reason: no_op_reaches_24: tried all 6 ops on 18.0,4.0)

[DEBUG] Node 1: processing 8 proposals
  Proposal: [16, 9] -> tuple (9, 16)
    -> DEAD-END pattern, skipping (reason: no_op_reaches_24: tried all 6 ops on 16.0,9.0)
  Proposal: [18, 7] -> tuple (7, 18)
    -> DEAD-END pattern, skipping (reason: no_op_reaches_24: tried all 6 ops on 18.0,7.0)
  Proposal: [2, 9] -> tuple (2, 9)
    -> DEAD-END pattern, skipping (reason: no_op_reaches_24: tried all 6 ops on 2.0,9.0)
  Proposal: [0, 7] -> tuple (0, 7)
    -> DEAD-END pattern, skipping (reason: no_op_reaches_24: tried all 6 ops on 0.0,7.0)
  Proposal: [63, 9] -> tuple (9, 63)
    -> DEAD-END pattern, skipping (reason: no_op_reaches_24: tried all 6 ops on 63.0,9.0)
  Proposal: [81, 7] -> tuple (7, 81)
    -> DEAD-END pattern, skipping (reason: no_op_reaches_24: tried all 6 ops on 81.0,7.0)
  Proposal: [1.2857142857142858, 9] -> tuple (1.2857142857142858, 9)
    -> DEAD-END pattern, skipping (reason: no_op_reaches_24: tried all 6 ops on 1.2857142857142858,9.0)
  Proposal: [1.0, 7] -> tuple (1.0, 7)
    -> DEAD-END pattern, skipping (reason: no_op_reaches_24: tried all 6 ops on 1.0,7.0)

[DEBUG] Node 9: processing 1 proposals
  Proposal: [24] -> tuple (24,)
    -> Added to global_seen_states
    -> Child 18 created and added to next_queue

[DEBUG] Node 10: processing 1 proposals
  Proposal: [24] -> tuple (24,)
    -> DUPLICATE, skipping (already seen)

[DEBUG] Node 11: processing 1 proposals
  Proposal: [24] -> tuple (24,)
    -> DUPLICATE, skipping (already seen)

[DEBUG] Node 12: processing 1 proposals
  Proposal: [24.0] -> tuple (24.0,)
    -> DUPLICATE, skipping (already seen)

[DEBUG] Node 13: processing 1 proposals
  Proposal: [24.0] -> tuple (24.0,)
    -> DUPLICATE, skipping (already seen)

[DEBUG] Node 0: processing 8 proposals
  Proposal: [81, 3, 4] -> tuple (3, 4, 81)
    -> Added to global_seen_states
    -> Child 1 created and added to next_queue
  Proposal: [18, 3, 4] -> tuple (3, 4, 18)
    -> Added to global_seen_states
    -> Child 2 created and added to next_queue
  Proposal: [0, 3, 4] -> tuple (0, 3, 4)
    -> Added to global_seen_states
    -> Child 3 created and added to next_queue
  Proposal: [1, 3, 4] -> tuple (1, 3, 4)
    -> Added to global_seen_states
    -> Child 4 created and added to next_queue
  Proposal: [27, 4, 9] -> tuple (4, 9, 27)
    -> Added to global_seen_states
    -> Child 5 created and added to next_queue
  Proposal: [12, 4, 9] -> tuple (4, 9, 12)
    -> Added to global_seen_states
    -> Child 6 created and added to next_queue
  Proposal: [6, 4, 9] -> tuple (4, 6, 9)
    -> Added to global_seen_states
    -> Child 7 created and added to next_queue
  Proposal: [3, 4, 9] -> tuple (3, 4, 9)
    -> Added to global_seen_states
    -> Child 8 created and added to next_queue

[DEBUG] Node 2: processing 8 proposals
  Proposal: [72, 3] -> tuple (3, 72)
    -> Added to global_seen_states
    -> Child 9 created and added to next_queue
  Proposal: [22, 3] -> tuple (3, 22)
    -> DEAD-END pattern, skipping (reason: no_op_reaches_24: tried all 6 ops on 22.0,3.0)
  Proposal: [14, 3] -> tuple (3, 14)
    -> DEAD-END pattern, skipping (reason: no_op_reaches_24: tried all 6 ops on 14.0,3.0)
  Proposal: [-14, 3] -> tuple (-14, 3)
    -> DEAD-END pattern, skipping (reason: no_op_reaches_24: tried all 6 ops on -14.0,3.0)
  Proposal: [4.5, 3] -> tuple (3, 4.5)
    -> DEAD-END pattern, skipping (reason: no_op_reaches_24: tried all 6 ops on 4.5,3.0)
  Proposal: [0.2222222222222222, 3] -> tuple (0.2222222222222222, 3)
    -> DEAD-END pattern, skipping (reason: no_op_reaches_24: tried all 6 ops on 0.2222222222222222,3.0)
  Proposal: [18, 12] -> tuple (12, 18)
    -> DEAD-END pattern, skipping (reason: no_op_reaches_24: tried all 6 ops on 18.0,12.0)
  Proposal: [18, 7] -> tuple (7, 18)
    -> DEAD-END pattern, skipping (reason: no_op_reaches_24: tried all 6 ops on 18.0,7.0)

[DEBUG] Node 6: processing 8 proposals
  Proposal: [48, 9] -> tuple (9, 48)
    -> DEAD-END pattern, skipping (reason: no_op_reaches_24: tried all 6 ops on 48.0,9.0)
  Proposal: [3.0, 9] -> tuple (3.0, 9)
    -> DEAD-END pattern, skipping (reason: no_op_reaches_24: tried all 6 ops on 3.0,9.0)
  Proposal: [8, 9] -> tuple (8, 9)
    -> DEAD-END pattern, skipping (reason: no_op_reaches_24: tried all 6 ops on 8.0,9.0)
  Proposal: [-8, 9] -> tuple (-8, 9)
    -> DEAD-END pattern, skipping (reason: no_op_reaches_24: tried all 6 ops on -8.0,9.0)
  Proposal: [21, 4] -> tuple (4, 21)
    -> DEAD-END pattern, skipping (reason: no_op_reaches_24: tried all 6 ops on 21.0,4.0)
  Proposal: [108, 4] -> tuple (4, 108)
    -> DEAD-END pattern, skipping (reason: no_op_reaches_24: tried all 6 ops on 108.0,4.0)
  Proposal: [3, 4] -> tuple (3, 4)
    -> DEAD-END pattern, skipping (reason: no_op_reaches_24: tried all 6 ops on 3.0,4.0)
  Proposal: [13, 12] -> tuple (12, 13)
    -> DEAD-END pattern, skipping (reason: no_op_reaches_24: tried all 6 ops on 13.0,12.0)

[DEBUG] Node 5: processing 8 proposals
  Proposal: [31, 9] -> tuple (9, 31)
    -> DEAD-END pattern, skipping (reason: no_op_reaches_24: tried all 6 ops on 31.0,9.0)
  Proposal: [23, 9] -> tuple (9, 23)
    -> DEAD-END pattern, skipping (reason: no_op_reaches_24: tried all 6 ops on 23.0,9.0)
  Proposal: [-23, 9] -> tuple (-23, 9)
    -> DEAD-END pattern, skipping (reason: no_op_reaches_24: tried all 6 ops on -23.0,9.0)
  Proposal: [108, 9] -> tuple (9, 108)
    -> DEAD-END pattern, skipping (reason: no_op_reaches_24: tried all 6 ops on 108.0,9.0)
  Proposal: [6.75, 9] -> tuple (6.75, 9)
    -> DEAD-END pattern, skipping (reason: no_op_reaches_24: tried all 6 ops on 6.75,9.0)
  Proposal: [0.14814814814814814, 9] -> tuple (0.14814814814814814, 9)
    -> DEAD-END pattern, skipping (reason: no_op_reaches_24: tried all 6 ops on 0.14814814814814814,9.0)
  Proposal: [36, 4] -> tuple (4, 36)
    -> DEAD-END pattern, skipping (reason: no_op_reaches_24: tried all 6 ops on 36.0,4.0)
  Proposal: [18, 4] -> tuple (4, 18)
    -> DEAD-END pattern, skipping (reason: no_op_reaches_24: tried all 6 ops on 18.0,4.0)

[DEBUG] Node 1: processing 8 proposals
  Proposal: [78, 4] -> tuple (4, 78)
    -> DEAD-END pattern, skipping (reason: no_op_reaches_24: tried all 6 ops on 78.0,4.0)
  Proposal: [-78, 4] -> tuple (-78, 4)
    -> DEAD-END pattern, skipping (reason: no_op_reaches_24: tried all 6 ops on -78.0,4.0)
  Proposal: [243, 4] -> tuple (4, 243)
    -> DEAD-END pattern, skipping (reason: no_op_reaches_24: tried all 6 ops on 243.0,4.0)
  Proposal: [27.0, 4] -> tuple (4, 27.0)
    -> DEAD-END pattern, skipping (reason: no_op_reaches_24: tried all 6 ops on 27.0,4.0)
  Proposal: [0.037037037037037035, 4] -> tuple (0.037037037037037035, 4)
    -> DEAD-END pattern, skipping (reason: no_op_reaches_24: tried all 6 ops on 0.037037037037037035,4.0)
  Proposal: [85, 3] -> tuple (3, 85)
    -> DEAD-END pattern, skipping (reason: no_op_reaches_24: tried all 6 ops on 85.0,3.0)
  Proposal: [77, 3] -> tuple (3, 77)
    -> DEAD-END pattern, skipping (reason: no_op_reaches_24: tried all 6 ops on 77.0,3.0)
  Proposal: [12, 81] -> tuple (12, 81)
    -> DEAD-END pattern, skipping (reason: no_op_reaches_24: tried all 6 ops on 12.0,81.0)

[DEBUG] Node 8: processing 8 proposals
  Proposal: [12, 4] -> tuple (4, 12)
    -> DEAD-END pattern, skipping (reason: no_op_reaches_24: tried all 6 ops on 12.0,4.0)
  Proposal: [13, 3] -> tuple (3, 13)
    -> DEAD-END pattern, skipping (reason: no_op_reaches_24: tried all 6 ops on 13.0,3.0)
  Proposal: [6, 4] -> tuple (4, 6)
    -> Added to global_seen_states
    -> Child 10 created and added to next_queue
  Proposal: [5, 3] -> tuple (3, 5)
    -> DEAD-END pattern, skipping (reason: no_op_reaches_24: tried all 6 ops on 5.0,3.0)
  Proposal: [12, 9] -> tuple (9, 12)
    -> DEAD-END pattern, skipping (reason: no_op_reaches_24: tried all 6 ops on 12.0,9.0)
  Proposal: [27, 4] -> tuple (4, 27)
    -> DEAD-END pattern, skipping (reason: no_op_reaches_24: tried all 6 ops on 27.0,4.0)
  Proposal: [3.0, 4] -> tuple (3.0, 4)
    -> DEAD-END pattern, skipping (reason: no_op_reaches_24: tried all 6 ops on 3.0,4.0)
  Proposal: [7, 9] -> tuple (7, 9)
    -> DEAD-END pattern, skipping (reason: no_op_reaches_24: tried all 6 ops on 7.0,9.0)

[DEBUG] Node 9: processing 1 proposals
  Proposal: [24.0] -> tuple (24.0,)
    -> Added to global_seen_states
    -> Child 13 created and added to next_queue

[DEBUG] Node 10: processing 1 proposals
  Proposal: [24] -> tuple (24,)
    -> DUPLICATE, skipping (already seen)

[DEBUG] Node 0: processing 6 proposals
  Proposal: [2.0, 3, 3] -> tuple (2.0, 3, 3)
    -> Added to global_seen_states
    -> Child 1 created and added to next_queue
  Proposal: [9, 3, 6] -> tuple (3, 6, 9)
    -> Added to global_seen_states
    -> Child 2 created and added to next_queue
  Proposal: [18, 3, 12] -> tuple (3, 12, 18)
    -> Added to global_seen_states
    -> Child 3 created and added to next_queue
  Proposal: [4.0, 3, 6] -> tuple (3, 4.0, 6)
    -> Added to global_seen_states
    -> Child 4 created and added to next_queue
  Proposal: [9, 3, 12] -> tuple (3, 9, 12)
    -> Added to global_seen_states
    -> Child 5 created and added to next_queue
  Proposal: [6, 3, 3] -> tuple (3, 3, 6)
    -> Added to global_seen_states
    -> Child 6 created and added to next_queue

[DEBUG] Node 4: processing 8 proposals
  Proposal: [7.0, 6] -> tuple (6, 7.0)
    -> DEAD-END pattern, skipping (reason: no_op_reaches_24: tried all 6 ops on 7.0,6.0)
  Proposal: [12.0, 6] -> tuple (6, 12.0)
    -> DEAD-END pattern, skipping (reason: no_op_reaches_24: tried all 6 ops on 12.0,6.0)
  Proposal: [1.0, 6] -> tuple (1.0, 6)
    -> DEAD-END pattern, skipping (reason: no_op_reaches_24: tried all 6 ops on 1.0,6.0)
  Proposal: [-1.0, 6] -> tuple (-1.0, 6)
    -> DEAD-END pattern, skipping (reason: no_op_reaches_24: tried all 6 ops on -1.0,6.0)
  Proposal: [1.3333333333333333, 6] -> tuple (1.3333333333333333, 6)
    -> DEAD-END pattern, skipping (reason: no_op_reaches_24: tried all 6 ops on 1.3333333333333333,6.0)
  Proposal: [0.75, 6] -> tuple (0.75, 6)
    -> DEAD-END pattern, skipping (reason: no_op_reaches_24: tried all 6 ops on 0.75,6.0)
  Proposal: [10.0, 3] -> tuple (3, 10.0)
    -> DEAD-END pattern, skipping (reason: no_op_reaches_24: tried all 6 ops on 10.0,3.0)
  Proposal: [24.0, 3] -> tuple (3, 24.0)
    -> DEAD-END pattern, skipping (reason: no_op_reaches_24: tried all 6 ops on 24.0,3.0)

[DEBUG] Node 5: processing 8 proposals
  Proposal: [12, 12] -> tuple (12, 12)
    -> Added to global_seen_states
    -> Child 7 created and added to next_queue
  Proposal: [6, 12] -> tuple (6, 12)
    -> DEAD-END pattern, skipping (reason: no_op_reaches_24: tried all 6 ops on 6.0,12.0)
  Proposal: [-6, 12] -> tuple (-6, 12)
    -> DEAD-END pattern, skipping (reason: no_op_reaches_24: tried all 6 ops on -6.0,12.0)
  Proposal: [27, 12] -> tuple (12, 27)
    -> DEAD-END pattern, skipping (reason: no_op_reaches_24: tried all 6 ops on 27.0,12.0)
  Proposal: [3.0, 12] -> tuple (3.0, 12)
    -> DEAD-END pattern, skipping (reason: no_op_reaches_24: tried all 6 ops on 3.0,12.0)
  Proposal: [21, 3] -> tuple (3, 21)
    -> Added to global_seen_states
    -> Child 8 created and added to next_queue
  Proposal: [3, 3] -> tuple (3, 3)
    -> DEAD-END pattern, skipping (reason: no_op_reaches_24: tried all 6 ops on 3.0,3.0)
  Proposal: [108, 3] -> tuple (3, 108)
    -> DEAD-END pattern, skipping (reason: no_op_reaches_24: tried all 6 ops on 108.0,3.0)

[DEBUG] Node 2: processing 8 proposals
  Proposal: [12, 6] -> tuple (6, 12)
    -> DEAD-END pattern, skipping (reason: no_op_reaches_24: tried all 6 ops on 12.0,6.0)
  Proposal: [6, 6] -> tuple (6, 6)
    -> DEAD-END pattern, skipping (reason: no_op_reaches_24: tried all 6 ops on 6.0,6.0)
  Proposal: [-6, 6] -> tuple (-6, 6)
    -> DEAD-END pattern, skipping (reason: no_op_reaches_24: tried all 6 ops on -6.0,6.0)
  Proposal: [27, 6] -> tuple (6, 27)
    -> DEAD-END pattern, skipping (reason: no_op_reaches_24: tried all 6 ops on 27.0,6.0)
  Proposal: [3.0, 6] -> tuple (3.0, 6)
    -> DEAD-END pattern, skipping (reason: no_op_reaches_24: tried all 6 ops on 3.0,6.0)
  Proposal: [15, 3] -> tuple (3, 15)
    -> DEAD-END pattern, skipping (reason: no_op_reaches_24: tried all 6 ops on 15.0,3.0)
  Proposal: [3, 3] -> tuple (3, 3)
    -> DEAD-END pattern, skipping (reason: no_op_reaches_24: tried all 6 ops on 3.0,3.0)
  Proposal: [54, 3] -> tuple (3, 54)
    -> DEAD-END pattern, skipping (reason: no_op_reaches_24: tried all 6 ops on 54.0,3.0)

[DEBUG] Node 3: processing 8 proposals
  Proposal: [6.0, 12] -> tuple (6.0, 12)
    -> DEAD-END pattern, skipping (reason: no_op_reaches_24: tried all 6 ops on 6.0,12.0)
  Proposal: [15, 12] -> tuple (12, 15)
    -> DEAD-END pattern, skipping (reason: no_op_reaches_24: tried all 6 ops on 15.0,12.0)
  Proposal: [6, 3] -> tuple (3, 6)
    -> DEAD-END pattern, skipping (reason: no_op_reaches_24: tried all 6 ops on 6.0,3.0)
  Proposal: [1.5, 3] -> tuple (1.5, 3)
    -> DEAD-END pattern, skipping (reason: no_op_reaches_24: tried all 6 ops on 1.5,3.0)
  Proposal: [36, 18] -> tuple (18, 36)
    -> DEAD-END pattern, skipping (reason: no_op_reaches_24: tried all 6 ops on 36.0,18.0)
  Proposal: [15, 18] -> tuple (15, 18)
    -> DEAD-END pattern, skipping (reason: no_op_reaches_24: tried all 6 ops on 15.0,18.0)
  Proposal: [9, 18] -> tuple (9, 18)
    -> DEAD-END pattern, skipping (reason: no_op_reaches_24: tried all 6 ops on 9.0,18.0)
  Proposal: [4.0, 18] -> tuple (4.0, 18)
    -> DEAD-END pattern, skipping (reason: no_op_reaches_24: tried all 6 ops on 4.0,18.0)

[DEBUG] Node 6: processing 8 proposals
  Proposal: [3, 3] -> tuple (3, 3)
    -> DEAD-END pattern, skipping (reason: no_op_reaches_24: tried all 6 ops on 3.0,3.0)
  Proposal: [-3, 3] -> tuple (-3, 3)
    -> DEAD-END pattern, skipping (reason: no_op_reaches_24: tried all 6 ops on -3.0,3.0)
  Proposal: [2.0, 3] -> tuple (2.0, 3)
    -> DEAD-END pattern, skipping (reason: no_op_reaches_24: tried all 6 ops on 2.0,3.0)
  Proposal: [0.5, 3] -> tuple (0.5, 3)
    -> DEAD-END pattern, skipping (reason: no_op_reaches_24: tried all 6 ops on 0.5,3.0)
  Proposal: [18, 3] -> tuple (3, 18)
    -> DEAD-END pattern, skipping (reason: no_op_reaches_24: tried all 6 ops on 18.0,3.0)
  Proposal: [9, 3] -> tuple (3, 9)
    -> DEAD-END pattern, skipping (reason: no_op_reaches_24: tried all 6 ops on 9.0,3.0)
  Proposal: [6, 6] -> tuple (6, 6)
    -> DEAD-END pattern, skipping (reason: no_op_reaches_24: tried all 6 ops on 6.0,6.0)
  Proposal: [9, 6] -> tuple (6, 9)
    -> DEAD-END pattern, skipping (reason: no_op_reaches_24: tried all 6 ops on 9.0,6.0)

[DEBUG] Node 8: processing 1 proposals
  Proposal: [24] -> tuple (24,)
    -> Added to global_seen_states
    -> Child 11 created and added to next_queue

[DEBUG] Node 7: processing 1 proposals
  Proposal: [24] -> tuple (24,)
    -> DUPLICATE, skipping (already seen)

[DEBUG] Node 0: processing 8 proposals
  Proposal: [14, 8, 11] -> tuple (8, 11, 14)
    -> Added to global_seen_states
    -> Child 1 created and added to next_queue
  Proposal: [0, 8, 11] -> tuple (0, 8, 11)
    -> Added to global_seen_states
    -> Child 2 created and added to next_queue
  Proposal: [56, 7, 11] -> tuple (7, 11, 56)
    -> Added to global_seen_states
    -> Child 3 created and added to next_queue
  Proposal: [19, 7, 7] -> tuple (7, 7, 19)
    -> Added to global_seen_states
    -> Child 4 created and added to next_queue
  Proposal: [-3, 7, 7] -> tuple (-3, 7, 7)
    -> Added to global_seen_states
    -> Child 5 created and added to next_queue
  Proposal: [1, 7, 8] -> tuple (1, 7, 8)
    -> Added to global_seen_states
    -> Child 6 created and added to next_queue
  Proposal: [77, 7, 8] -> tuple (7, 8, 77)
    -> Added to global_seen_states
    -> Child 7 created and added to next_queue
  Proposal: [3, 7, 7] -> tuple (3, 7, 7)
    -> Added to global_seen_states
    -> Child 8 created and added to next_queue

[DEBUG] Node 3: processing 8 proposals
  Proposal: [49, 11] -> tuple (11, 49)
    -> DEAD-END pattern, skipping (reason: no_op_reaches_24: tried all 6 ops on 49.0,11.0)
  Proposal: [45, 7] -> tuple (7, 45)
    -> DEAD-END pattern, skipping (reason: no_op_reaches_24: tried all 6 ops on 45.0,7.0)
  Proposal: [63, 11] -> tuple (11, 63)
    -> DEAD-END pattern, skipping (reason: no_op_reaches_24: tried all 6 ops on 63.0,11.0)
  Proposal: [67, 7] -> tuple (7, 67)
    -> DEAD-END pattern, skipping (reason: no_op_reaches_24: tried all 6 ops on 67.0,7.0)
  Proposal: [77, 56] -> tuple (56, 77)
    -> DEAD-END pattern, skipping (reason: no_op_reaches_24: tried all 6 ops on 77.0,56.0)
  Proposal: [392, 11] -> tuple (11, 392)
    -> DEAD-END pattern, skipping (reason: no_op_reaches_24: tried all 6 ops on 392.0,11.0)
  Proposal: [8, 11] -> tuple (8, 11)
    -> DEAD-END pattern, skipping (reason: no_op_reaches_24: tried all 6 ops on 8.0,11.0)
  Proposal: [5.090909090909091, 7] -> tuple (5.090909090909091, 7)
    -> DEAD-END pattern, skipping (reason: no_op_reaches_24: tried all 6 ops on 5.090909090909091,7.0)

[DEBUG] Node 5: processing 6 proposals
  Proposal: [4, 7] -> tuple (4, 7)
    -> DEAD-END pattern, skipping (reason: no_op_reaches_24: tried all 6 ops on 4.0,7.0)
  Proposal: [14, -3] -> tuple (-3, 14)
    -> DEAD-END pattern, skipping (reason: no_op_reaches_24: tried all 6 ops on 14.0,-3.0)
  Proposal: [-10, 7] -> tuple (-10, 7)
    -> DEAD-END pattern, skipping (reason: no_op_reaches_24: tried all 6 ops on -10.0,7.0)
  Proposal: [10, 7] -> tuple (7, 10)
    -> DEAD-END pattern, skipping (reason: no_op_reaches_24: tried all 6 ops on 10.0,7.0)
  Proposal: [-21, 7] -> tuple (-21, 7)
    -> DEAD-END pattern, skipping (reason: no_op_reaches_24: tried all 6 ops on -21.0,7.0)
  Proposal: [-2.3333333333333335, 7] -> tuple (-2.3333333333333335, 7)
    -> DEAD-END pattern, skipping (reason: no_op_reaches_24: tried all 6 ops on -2.3333333333333335,7.0)

[DEBUG] Node 7: processing 8 proposals
  Proposal: [84, 8] -> tuple (8, 84)
    -> DEAD-END pattern, skipping (reason: no_op_reaches_24: tried all 6 ops on 84.0,8.0)
  Proposal: [85, 7] -> tuple (7, 85)
    -> DEAD-END pattern, skipping (reason: no_op_reaches_24: tried all 6 ops on 85.0,7.0)
  Proposal: [70, 8] -> tuple (8, 70)
    -> DEAD-END pattern, skipping (reason: no_op_reaches_24: tried all 6 ops on 70.0,8.0)
  Proposal: [69, 7] -> tuple (7, 69)
    -> DEAD-END pattern, skipping (reason: no_op_reaches_24: tried all 6 ops on 69.0,7.0)
  Proposal: [539, 8] -> tuple (8, 539)
    -> DEAD-END pattern, skipping (reason: no_op_reaches_24: tried all 6 ops on 539.0,8.0)
  Proposal: [616, 7] -> tuple (7, 616)
    -> DEAD-END pattern, skipping (reason: no_op_reaches_24: tried all 6 ops on 616.0,7.0)
  Proposal: [11.0, 8] -> tuple (8, 11.0)
    -> DEAD-END pattern, skipping (reason: no_op_reaches_24: tried all 6 ops on 11.0,8.0)
  Proposal: [9.625, 7] -> tuple (7, 9.625)
    -> DEAD-END pattern, skipping (reason: no_op_reaches_24: tried all 6 ops on 9.625,7.0)

[DEBUG] Node 8: processing 8 proposals
  Proposal: [14, 3] -> tuple (3, 14)
    -> DEAD-END pattern, skipping (reason: no_op_reaches_24: tried all 6 ops on 14.0,3.0)
  Proposal: [21, 7] -> tuple (7, 21)
    -> DEAD-END pattern, skipping (reason: no_op_reaches_24: tried all 6 ops on 21.0,7.0)
  Proposal: [49, 3] -> tuple (3, 49)
    -> DEAD-END pattern, skipping (reason: no_op_reaches_24: tried all 6 ops on 49.0,3.0)
  Proposal: [0, 3] -> tuple (0, 3)
    -> DEAD-END pattern, skipping (reason: no_op_reaches_24: tried all 6 ops on 0.0,3.0)
  Proposal: [4, 7] -> tuple (4, 7)
    -> DEAD-END pattern, skipping (reason: no_op_reaches_24: tried all 6 ops on 4.0,7.0)
  Proposal: [-4, 7] -> tuple (-4, 7)
    -> DEAD-END pattern, skipping (reason: no_op_reaches_24: tried all 6 ops on -4.0,7.0)
  Proposal: [1.0, 3] -> tuple (1.0, 3)
    -> DEAD-END pattern, skipping (reason: no_op_reaches_24: tried all 6 ops on 1.0,3.0)
  Proposal: [0.42857142857142855, 7] -> tuple (0.42857142857142855, 7)
    -> DEAD-END pattern, skipping (reason: no_op_reaches_24: tried all 6 ops on 0.42857142857142855,7.0)

[DEBUG] Node 1: processing 8 proposals
  Proposal: [22, 11] -> tuple (11, 22)
    -> DEAD-END pattern, skipping (reason: no_op_reaches_24: tried all 6 ops on 22.0,11.0)
  Proposal: [25, 8] -> tuple (8, 25)
    -> DEAD-END pattern, skipping (reason: no_op_reaches_24: tried all 6 ops on 25.0,8.0)
  Proposal: [19, 14] -> tuple (14, 19)
    -> DEAD-END pattern, skipping (reason: no_op_reaches_24: tried all 6 ops on 19.0,14.0)
  Proposal: [6, 11] -> tuple (6, 11)
    -> DEAD-END pattern, skipping (reason: no_op_reaches_24: tried all 6 ops on 6.0,11.0)
  Proposal: [-6, 11] -> tuple (-6, 11)
    -> DEAD-END pattern, skipping (reason: no_op_reaches_24: tried all 6 ops on -6.0,11.0)
  Proposal: [3, 8] -> tuple (3, 8)
    -> Added to global_seen_states
    -> Child 9 created and added to next_queue
  Proposal: [-3, 8] -> tuple (-3, 8)
    -> DEAD-END pattern, skipping (reason: no_op_reaches_24: tried all 6 ops on -3.0,8.0)
  Proposal: [112, 11] -> tuple (11, 112)
    -> DEAD-END pattern, skipping (reason: no_op_reaches_24: tried all 6 ops on 112.0,11.0)

[DEBUG] Node 9: processing 1 proposals
  Proposal: [24] -> tuple (24,)
    -> Added to global_seen_states
    -> Child 11 created and added to next_queue

[DEBUG] Node 0: processing 8 proposals
  Proposal: [16, 3, 12] -> tuple (3, 12, 16)
    -> Added to global_seen_states
    -> Child 1 created and added to next_queue
  Proposal: [36, 5, 11] -> tuple (5, 11, 36)
    -> Added to global_seen_states
    -> Child 2 created and added to next_queue
  Proposal: [7, 3, 11] -> tuple (3, 7, 11)
    -> Added to global_seen_states
    -> Child 3 created and added to next_queue
  Proposal: [4.0, 5, 11] -> tuple (4.0, 5, 11)
    -> Added to global_seen_states
    -> Child 4 created and added to next_queue
  Proposal: [60, 3, 11] -> tuple (3, 11, 60)
    -> Added to global_seen_states
    -> Child 5 created and added to next_queue
  Proposal: [23, 3, 5] -> tuple (3, 5, 23)
    -> Added to global_seen_states
    -> Child 6 created and added to next_queue
  Proposal: [8, 5, 12] -> tuple (5, 8, 12)
    -> Added to global_seen_states
    -> Child 7 created and added to next_queue
  Proposal: [33, 5, 12] -> tuple (5, 12, 33)
    -> Added to global_seen_states
    -> Child 8 created and added to next_queue

[DEBUG] Node 2: processing 8 proposals
  Proposal: [41, 11] -> tuple (11, 41)
    -> DEAD-END pattern, skipping (reason: no_op_reaches_24: tried all 6 ops on 41.0,11.0)
  Proposal: [47, 5] -> tuple (5, 47)
    -> DEAD-END pattern, skipping (reason: no_op_reaches_24: tried all 6 ops on 47.0,5.0)
  Proposal: [16, 36] -> tuple (16, 36)
    -> DEAD-END pattern, skipping (reason: no_op_reaches_24: tried all 6 ops on 16.0,36.0)
  Proposal: [180, 11] -> tuple (11, 180)
    -> DEAD-END pattern, skipping (reason: no_op_reaches_24: tried all 6 ops on 180.0,11.0)
  Proposal: [396, 5] -> tuple (5, 396)
    -> DEAD-END pattern, skipping (reason: no_op_reaches_24: tried all 6 ops on 396.0,5.0)
  Proposal: [55, 36] -> tuple (36, 55)
    -> DEAD-END pattern, skipping (reason: no_op_reaches_24: tried all 6 ops on 55.0,36.0)
  Proposal: [31, 11] -> tuple (11, 31)
    -> DEAD-END pattern, skipping (reason: no_op_reaches_24: tried all 6 ops on 31.0,11.0)
  Proposal: [25, 5] -> tuple (5, 25)
    -> DEAD-END pattern, skipping (reason: no_op_reaches_24: tried all 6 ops on 25.0,5.0)

[DEBUG] Node 6: processing 1 proposals
  Proposal: [18, 3] -> tuple (3, 18)
    -> DEAD-END pattern, skipping (reason: no_op_reaches_24: tried all 6 ops on 18.0,3.0)

[DEBUG] Node 8: processing 8 proposals
  Proposal: [21, 5] -> tuple (5, 21)
    -> DEAD-END pattern, skipping (reason: no_op_reaches_24: tried all 6 ops on 21.0,5.0)
  Proposal: [28, 12] -> tuple (12, 28)
    -> DEAD-END pattern, skipping (reason: no_op_reaches_24: tried all 6 ops on 28.0,12.0)
  Proposal: [17, 33] -> tuple (17, 33)
    -> DEAD-END pattern, skipping (reason: no_op_reaches_24: tried all 6 ops on 17.0,33.0)
  Proposal: [60, 33] -> tuple (33, 60)
    -> DEAD-END pattern, skipping (reason: no_op_reaches_24: tried all 6 ops on 60.0,33.0)
  Proposal: [6.6, 12] -> tuple (6.6, 12)
    -> DEAD-END pattern, skipping (reason: no_op_reaches_24: tried all 6 ops on 6.6,12.0)
  Proposal: [2.75, 5] -> tuple (2.75, 5)
    -> DEAD-END pattern, skipping (reason: no_op_reaches_24: tried all 6 ops on 2.75,5.0)
  Proposal: [-21, 5] -> tuple (-21, 5)
    -> DEAD-END pattern, skipping (reason: no_op_reaches_24: tried all 6 ops on -21.0,5.0)
  Proposal: [165, 12] -> tuple (12, 165)
    -> DEAD-END pattern, skipping (reason: no_op_reaches_24: tried all 6 ops on 165.0,12.0)

[DEBUG] Node 1: processing 8 proposals
  Proposal: [48, 12] -> tuple (12, 48)
    -> DEAD-END pattern, skipping (reason: no_op_reaches_24: tried all 6 ops on 48.0,12.0)
  Proposal: [13, 12] -> tuple (12, 13)
    -> DEAD-END pattern, skipping (reason: no_op_reaches_24: tried all 6 ops on 13.0,12.0)
  Proposal: [28, 3] -> tuple (3, 28)
    -> DEAD-END pattern, skipping (reason: no_op_reaches_24: tried all 6 ops on 28.0,3.0)
  Proposal: [192, 3] -> tuple (3, 192)
    -> DEAD-END pattern, skipping (reason: no_op_reaches_24: tried all 6 ops on 192.0,3.0)
  Proposal: [4, 3] -> tuple (3, 4)
    -> DEAD-END pattern, skipping (reason: no_op_reaches_24: tried all 6 ops on 4.0,3.0)
  Proposal: [9, 16] -> tuple (9, 16)
    -> DEAD-END pattern, skipping (reason: no_op_reaches_24: tried all 6 ops on 9.0,16.0)
  Proposal: [36, 16] -> tuple (16, 36)
    -> DEAD-END pattern, skipping (reason: no_op_reaches_24: tried all 6 ops on 36.0,16.0)
  Proposal: [4.0, 16] -> tuple (4.0, 16)
    -> DEAD-END pattern, skipping (reason: no_op_reaches_24: tried all 6 ops on 4.0,16.0)

[DEBUG] Node 3: processing 8 proposals
  Proposal: [4, 11] -> tuple (4, 11)
    -> DEAD-END pattern, skipping (reason: no_op_reaches_24: tried all 6 ops on 4.0,11.0)
  Proposal: [-4, 11] -> tuple (-4, 11)
    -> DEAD-END pattern, skipping (reason: no_op_reaches_24: tried all 6 ops on -4.0,11.0)
  Proposal: [21, 11] -> tuple (11, 21)
    -> DEAD-END pattern, skipping (reason: no_op_reaches_24: tried all 6 ops on 21.0,11.0)
  Proposal: [2.3333333333333335, 11] -> tuple (2.3333333333333335, 11)
    -> DEAD-END pattern, skipping (reason: no_op_reaches_24: tried all 6 ops on 2.3333333333333335,11.0)
  Proposal: [0.42857142857142855, 11] -> tuple (0.42857142857142855, 11)
    -> DEAD-END pattern, skipping (reason: no_op_reaches_24: tried all 6 ops on 0.42857142857142855,11.0)
  Proposal: [10, 11] -> tuple (10, 11)
    -> DEAD-END pattern, skipping (reason: no_op_reaches_24: tried all 6 ops on 10.0,11.0)
  Proposal: [-4, 3] -> tuple (-4, 3)
    -> DEAD-END pattern, skipping (reason: no_op_reaches_24: tried all 6 ops on -4.0,3.0)
  Proposal: [4, 3] -> tuple (3, 4)
    -> DEAD-END pattern, skipping (reason: no_op_reaches_24: tried all 6 ops on 4.0,3.0)

[DEBUG] Node 0: processing 8 proposals
  Proposal: [8, 11, 12] -> tuple (8, 11, 12)
    -> Added to global_seen_states
    -> Child 1 created and added to next_queue
  Proposal: [14, 5, 12] -> tuple (5, 12, 14)
    -> Added to global_seen_states
    -> Child 2 created and added to next_queue
  Proposal: [16, 3, 12] -> tuple (3, 12, 16)
    -> Added to global_seen_states
    -> Child 3 created and added to next_queue
  Proposal: [9, 5, 11] -> tuple (5, 9, 11)
    -> Added to global_seen_states
    -> Child 4 created and added to next_queue
  Proposal: [1, 3, 5] -> tuple (1, 3, 5)
    -> Added to global_seen_states
    -> Child 5 created and added to next_queue
  Proposal: [15, 11, 12] -> tuple (11, 12, 15)
    -> Added to global_seen_states
    -> Child 6 created and added to next_queue
  Proposal: [36, 5, 11] -> tuple (5, 11, 36)
    -> Added to global_seen_states
    -> Child 7 created and added to next_queue
  Proposal: [4, 5, 11] -> tuple (4, 5, 11)
    -> Added to global_seen_states
    -> Child 8 created and added to next_queue

[DEBUG] Node 8: processing 8 proposals
  Proposal: [55, 4] -> tuple (4, 55)
    -> DEAD-END pattern, skipping (reason: no_op_reaches_24: tried all 6 ops on 55.0,4.0)
  Proposal: [44, 5] -> tuple (5, 44)
    -> DEAD-END pattern, skipping (reason: no_op_reaches_24: tried all 6 ops on 44.0,5.0)
  Proposal: [20, 11] -> tuple (11, 20)
    -> DEAD-END pattern, skipping (reason: no_op_reaches_24: tried all 6 ops on 20.0,11.0)
  Proposal: [16, 4] -> tuple (4, 16)
    -> DEAD-END pattern, skipping (reason: no_op_reaches_24: tried all 6 ops on 16.0,4.0)
  Proposal: [15, 5] -> tuple (5, 15)
    -> DEAD-END pattern, skipping (reason: no_op_reaches_24: tried all 6 ops on 15.0,5.0)
  Proposal: [6, 4] -> tuple (4, 6)
    -> Added to global_seen_states
    -> Child 9 created and added to next_queue
  Proposal: [7, 5] -> tuple (5, 7)
    -> DEAD-END pattern, skipping (reason: no_op_reaches_24: tried all 6 ops on 7.0,5.0)
  Proposal: [-6, 4] -> tuple (-6, 4)
    -> DEAD-END pattern, skipping (reason: no_op_reaches_24: tried all 6 ops on -6.0,4.0)

[DEBUG] Node 7: processing 8 proposals
  Proposal: [41, 11] -> tuple (11, 41)
    -> DEAD-END pattern, skipping (reason: no_op_reaches_24: tried all 6 ops on 41.0,11.0)
  Proposal: [31, 11] -> tuple (11, 31)
    -> DEAD-END pattern, skipping (reason: no_op_reaches_24: tried all 6 ops on 31.0,11.0)
  Proposal: [-31, 11] -> tuple (-31, 11)
    -> DEAD-END pattern, skipping (reason: no_op_reaches_24: tried all 6 ops on -31.0,11.0)
  Proposal: [180, 11] -> tuple (11, 180)
    -> DEAD-END pattern, skipping (reason: no_op_reaches_24: tried all 6 ops on 180.0,11.0)
  Proposal: [7.2, 11] -> tuple (7.2, 11)
    -> DEAD-END pattern, skipping (reason: no_op_reaches_24: tried all 6 ops on 7.2,11.0)
  Proposal: [0.1388888888888889, 11] -> tuple (0.1388888888888889, 11)
    -> DEAD-END pattern, skipping (reason: no_op_reaches_24: tried all 6 ops on 0.1388888888888889,11.0)
  Proposal: [47, 5] -> tuple (5, 47)
    -> DEAD-END pattern, skipping (reason: no_op_reaches_24: tried all 6 ops on 47.0,5.0)
  Proposal: [25, 5] -> tuple (5, 25)
    -> DEAD-END pattern, skipping (reason: no_op_reaches_24: tried all 6 ops on 25.0,5.0)

[DEBUG] Node 2: processing 8 proposals
  Proposal: [9, 12] -> tuple (9, 12)
    -> DEAD-END pattern, skipping (reason: no_op_reaches_24: tried all 6 ops on 9.0,12.0)
  Proposal: [-9, 12] -> tuple (-9, 12)
    -> DEAD-END pattern, skipping (reason: no_op_reaches_24: tried all 6 ops on -9.0,12.0)
  Proposal: [19, 12] -> tuple (12, 19)
    -> DEAD-END pattern, skipping (reason: no_op_reaches_24: tried all 6 ops on 19.0,12.0)
  Proposal: [70, 12] -> tuple (12, 70)
    -> DEAD-END pattern, skipping (reason: no_op_reaches_24: tried all 6 ops on 70.0,12.0)
  Proposal: [2.8, 12] -> tuple (2.8, 12)
    -> DEAD-END pattern, skipping (reason: no_op_reaches_24: tried all 6 ops on 2.8,12.0)
  Proposal: [0.35714285714285715, 12] -> tuple (0.35714285714285715, 12)
    -> DEAD-END pattern, skipping (reason: no_op_reaches_24: tried all 6 ops on 0.35714285714285715,12.0)
  Proposal: [2, 5] -> tuple (2, 5)
    -> DEAD-END pattern, skipping (reason: no_op_reaches_24: tried all 6 ops on 2.0,5.0)
  Proposal: [-2, 5] -> tuple (-2, 5)
    -> DEAD-END pattern, skipping (reason: no_op_reaches_24: tried all 6 ops on -2.0,5.0)

[DEBUG] Node 3: processing 8 proposals
  Proposal: [28, 3] -> tuple (3, 28)
    -> DEAD-END pattern, skipping (reason: no_op_reaches_24: tried all 6 ops on 28.0,3.0)
  Proposal: [4, 3] -> tuple (3, 4)
    -> DEAD-END pattern, skipping (reason: no_op_reaches_24: tried all 6 ops on 4.0,3.0)
  Proposal: [-4, 3] -> tuple (-4, 3)
    -> DEAD-END pattern, skipping (reason: no_op_reaches_24: tried all 6 ops on -4.0,3.0)
  Proposal: [36, 16] -> tuple (16, 36)
    -> DEAD-END pattern, skipping (reason: no_op_reaches_24: tried all 6 ops on 36.0,16.0)
  Proposal: [48, 12] -> tuple (12, 48)
    -> DEAD-END pattern, skipping (reason: no_op_reaches_24: tried all 6 ops on 48.0,12.0)
  Proposal: [4.0, 16] -> tuple (4.0, 16)
    -> DEAD-END pattern, skipping (reason: no_op_reaches_24: tried all 6 ops on 4.0,16.0)
  Proposal: [1.3333333333333333, 3] -> tuple (1.3333333333333333, 3)
    -> DEAD-END pattern, skipping (reason: no_op_reaches_24: tried all 6 ops on 1.3333333333333333,3.0)
  Proposal: [19, 12] -> tuple (12, 19)
    -> DEAD-END pattern, skipping (reason: no_op_reaches_24: tried all 6 ops on 19.0,12.0)

[DEBUG] Node 4: processing 8 proposals
  Proposal: [14, 11] -> tuple (11, 14)
    -> DEAD-END pattern, skipping (reason: no_op_reaches_24: tried all 6 ops on 14.0,11.0)
  Proposal: [20, 5] -> tuple (5, 20)
    -> DEAD-END pattern, skipping (reason: no_op_reaches_24: tried all 6 ops on 20.0,5.0)
  Proposal: [16, 9] -> tuple (9, 16)
    -> DEAD-END pattern, skipping (reason: no_op_reaches_24: tried all 6 ops on 16.0,9.0)
  Proposal: [4, 11] -> tuple (4, 11)
    -> DEAD-END pattern, skipping (reason: no_op_reaches_24: tried all 6 ops on 4.0,11.0)
  Proposal: [2, 5] -> tuple (2, 5)
    -> DEAD-END pattern, skipping (reason: no_op_reaches_24: tried all 6 ops on 2.0,5.0)
  Proposal: [45, 11] -> tuple (11, 45)
    -> DEAD-END pattern, skipping (reason: no_op_reaches_24: tried all 6 ops on 45.0,11.0)
  Proposal: [99, 5] -> tuple (5, 99)
    -> DEAD-END pattern, skipping (reason: no_op_reaches_24: tried all 6 ops on 99.0,5.0)
  Proposal: [55, 9] -> tuple (9, 55)
    -> DEAD-END pattern, skipping (reason: no_op_reaches_24: tried all 6 ops on 55.0,9.0)

[DEBUG] Node 9: processing 1 proposals
  Proposal: [24] -> tuple (24,)
    -> Added to global_seen_states
    -> Child 11 created and added to next_queue

[DEBUG] Node 0: processing 5 proposals
  Proposal: [16, 1, 4] -> tuple (1, 4, 16)
    -> Added to global_seen_states
    -> Child 1 created and added to next_queue
  Proposal: [8, 4, 7] -> tuple (4, 7, 8)
    -> Added to global_seen_states
    -> Child 2 created and added to next_queue
  Proposal: [28, 1, 9] -> tuple (1, 9, 28)
    -> Added to global_seen_states
    -> Child 3 created and added to next_queue
  Proposal: [9, 4, 7] -> tuple (4, 7, 9)
    -> Added to global_seen_states
    -> Child 4 created and added to next_queue
  Proposal: [2, 1, 4] -> tuple (1, 2, 4)
    -> Added to global_seen_states
    -> Child 5 created and added to next_queue

[DEBUG] Node 3: processing 5 proposals
  Proposal: [29, 9] -> tuple (9, 29)
    -> DEAD-END pattern, skipping (reason: no_op_reaches_24: tried all 6 ops on 29.0,9.0)
  Proposal: [27, 9] -> tuple (9, 27)
    -> DEAD-END pattern, skipping (reason: no_op_reaches_24: tried all 6 ops on 27.0,9.0)
  Proposal: [-27, 9] -> tuple (-27, 9)
    -> DEAD-END pattern, skipping (reason: no_op_reaches_24: tried all 6 ops on -27.0,9.0)
  Proposal: [28, 9] -> tuple (9, 28)
    -> DEAD-END pattern, skipping (reason: no_op_reaches_24: tried all 6 ops on 28.0,9.0)
  Proposal: [0.03571428571428571, 9] -> tuple (0.03571428571428571, 9)
    -> DEAD-END pattern, skipping (reason: no_op_reaches_24: tried all 6 ops on 0.03571428571428571,9.0)

[DEBUG] Node 1: processing 5 proposals
  Proposal: [15, 4] -> tuple (4, 15)
    -> DEAD-END pattern, skipping (reason: no_op_reaches_24: tried all 6 ops on 15.0,4.0)
  Proposal: [12, 1] -> tuple (1, 12)
    -> DEAD-END pattern, skipping (reason: no_op_reaches_24: tried all 6 ops on 12.0,1.0)
  Proposal: [17, 4] -> tuple (4, 17)
    -> DEAD-END pattern, skipping (reason: no_op_reaches_24: tried all 6 ops on 17.0,4.0)
  Proposal: [20, 1] -> tuple (1, 20)
    -> DEAD-END pattern, skipping (reason: no_op_reaches_24: tried all 6 ops on 20.0,1.0)
  Proposal: [16, 4] -> tuple (4, 16)
    -> DEAD-END pattern, skipping (reason: no_op_reaches_24: tried all 6 ops on 16.0,4.0)

[DEBUG] Node 2: processing 1 proposals
  Proposal: [4, 7] -> tuple (4, 7)
    -> DEAD-END pattern, skipping (reason: no_op_reaches_24: tried all 6 ops on 4.0,7.0)

[DEBUG] Node 4: processing 5 proposals
  Proposal: [13, 7] -> tuple (7, 13)
    -> DEAD-END pattern, skipping (reason: no_op_reaches_24: tried all 6 ops on 13.0,7.0)
  Proposal: [5, 7] -> tuple (5, 7)
    -> DEAD-END pattern, skipping (reason: no_op_reaches_24: tried all 6 ops on 5.0,7.0)
  Proposal: [-5, 7] -> tuple (-5, 7)
    -> DEAD-END pattern, skipping (reason: no_op_reaches_24: tried all 6 ops on -5.0,7.0)
  Proposal: [36, 7] -> tuple (7, 36)
    -> DEAD-END pattern, skipping (reason: no_op_reaches_24: tried all 6 ops on 36.0,7.0)
  Proposal: [2.25, 7] -> tuple (2.25, 7)
    -> DEAD-END pattern, skipping (reason: no_op_reaches_24: tried all 6 ops on 2.25,7.0)

[DEBUG] Node 5: processing 1 proposals
  Proposal: [6, 1] -> tuple (1, 6)
    -> DEAD-END pattern, skipping (reason: no_op_reaches_24: tried all 6 ops on 6.0,1.0)

[DEBUG] Node 0: processing 5 proposals
  Proposal: [12, 12, 12] -> tuple (12, 12, 12)
    -> Added to global_seen_states
    -> Child 1 created and added to next_queue
  Proposal: [32, 12, 12] -> tuple (12, 12, 32)
    -> Added to global_seen_states
    -> Child 2 created and added to next_queue
  Proposal: [4, 12, 12] -> tuple (4, 12, 12)
    -> Added to global_seen_states
    -> Child 3 created and added to next_queue
  Proposal: [2.0, 12, 12] -> tuple (2.0, 12, 12)
    -> Added to global_seen_states
    -> Child 4 created and added to next_queue
  Proposal: [16, 8, 12] -> tuple (8, 12, 16)
    -> Added to global_seen_states
    -> Child 5 created and added to next_queue

[DEBUG] Node 2: processing 5 proposals
  Proposal: [20, 12] -> tuple (12, 20)
    -> DEAD-END pattern, skipping (reason: no_op_reaches_24: tried all 6 ops on 20.0,12.0)
  Proposal: [-20, 12] -> tuple (-20, 12)
    -> DEAD-END pattern, skipping (reason: no_op_reaches_24: tried all 6 ops on -20.0,12.0)
  Proposal: [24, 32] -> tuple (24, 32)
    -> DEAD-END pattern, skipping (reason: no_op_reaches_24: tried all 6 ops on 24.0,32.0)
  Proposal: [144, 32] -> tuple (32, 144)
    -> DEAD-END pattern, skipping (reason: no_op_reaches_24: tried all 6 ops on 144.0,32.0)
  Proposal: [2.6666666666666665, 12] -> tuple (2.6666666666666665, 12)
    -> DEAD-END pattern, skipping (reason: no_op_reaches_24: tried all 6 ops on 2.6666666666666665,12.0)

[DEBUG] Node 3: processing 5 proposals
  Proposal: [8, 12] -> tuple (8, 12)
    -> DEAD-END pattern, skipping (reason: no_op_reaches_24: tried all 6 ops on 8.0,12.0)
  Proposal: [-8, 12] -> tuple (-8, 12)
    -> DEAD-END pattern, skipping (reason: no_op_reaches_24: tried all 6 ops on -8.0,12.0)
  Proposal: [16, 12] -> tuple (12, 16)
    -> DEAD-END pattern, skipping (reason: no_op_reaches_24: tried all 6 ops on 16.0,12.0)
  Proposal: [48, 12] -> tuple (12, 48)
    -> DEAD-END pattern, skipping (reason: no_op_reaches_24: tried all 6 ops on 48.0,12.0)
  Proposal: [3.0, 12] -> tuple (3.0, 12)
    -> DEAD-END pattern, skipping (reason: no_op_reaches_24: tried all 6 ops on 3.0,12.0)

[DEBUG] Node 4: processing 5 proposals
  Proposal: [24, 2.0] -> tuple (2.0, 24)
    -> DEAD-END pattern, skipping (reason: no_op_reaches_24: tried all 6 ops on 24.0,2.0)
  Proposal: [24.0, 12] -> tuple (12, 24.0)
    -> DEAD-END pattern, skipping (reason: no_op_reaches_24: tried all 6 ops on 24.0,12.0)
  Proposal: [6.0, 12] -> tuple (6.0, 12)
    -> DEAD-END pattern, skipping (reason: no_op_reaches_24: tried all 6 ops on 6.0,12.0)
  Proposal: [0, 2.0] -> tuple (0, 2.0)
    -> DEAD-END pattern, skipping (reason: no_op_reaches_24: tried all 6 ops on 0.0,2.0)
  Proposal: [10.0, 12] -> tuple (10.0, 12)
    -> DEAD-END pattern, skipping (reason: no_op_reaches_24: tried all 6 ops on 10.0,12.0)

[DEBUG] Node 5: processing 5 proposals
  Proposal: [24, 12] -> tuple (12, 24)
    -> DEAD-END pattern, skipping (reason: no_op_reaches_24: tried all 6 ops on 24.0,12.0)
  Proposal: [28, 8] -> tuple (8, 28)
    -> DEAD-END pattern, skipping (reason: no_op_reaches_24: tried all 6 ops on 28.0,8.0)
  Proposal: [8, 12] -> tuple (8, 12)
    -> DEAD-END pattern, skipping (reason: no_op_reaches_24: tried all 6 ops on 8.0,12.0)
  Proposal: [-8, 12] -> tuple (-8, 12)
    -> DEAD-END pattern, skipping (reason: no_op_reaches_24: tried all 6 ops on -8.0,12.0)
  Proposal: [4, 8] -> tuple (4, 8)
    -> DEAD-END pattern, skipping (reason: no_op_reaches_24: tried all 6 ops on 4.0,8.0)

[DEBUG] Node 1: processing 4 proposals
  Proposal: [24, 12] -> tuple (12, 24)
    -> DEAD-END pattern, skipping (reason: no_op_reaches_24: tried all 6 ops on 24.0,12.0)
  Proposal: [144, 12] -> tuple (12, 144)
    -> DEAD-END pattern, skipping (reason: no_op_reaches_24: tried all 6 ops on 144.0,12.0)
  Proposal: [0, 12] -> tuple (0, 12)
    -> DEAD-END pattern, skipping (reason: no_op_reaches_24: tried all 6 ops on 0.0,12.0)
  Proposal: [1.0, 12] -> tuple (1.0, 12)
    -> DEAD-END pattern, skipping (reason: no_op_reaches_24: tried all 6 ops on 1.0,12.0)

[DEBUG] Node 0: processing 5 proposals
  Proposal: [7, 7, 9] -> tuple (7, 7, 9)
    -> Added to global_seen_states
    -> Child 1 created and added to next_queue
  Proposal: [8, 6, 9] -> tuple (6, 8, 9)
    -> Added to global_seen_states
    -> Child 2 created and added to next_queue
  Proposal: [10, 6, 7] -> tuple (6, 7, 10)
    -> Added to global_seen_states
    -> Child 3 created and added to next_queue
  Proposal: [13, 1, 9] -> tuple (1, 9, 13)
    -> Added to global_seen_states
    -> Child 4 created and added to next_queue
  Proposal: [15, 1, 7] -> tuple (1, 7, 15)
    -> Added to global_seen_states
    -> Child 5 created and added to next_queue

[DEBUG] Node 2: processing 5 proposals
  Proposal: [14, 9] -> tuple (9, 14)
    -> DEAD-END pattern, skipping (reason: no_op_reaches_24: tried all 6 ops on 14.0,9.0)
  Proposal: [17, 6] -> tuple (6, 17)
    -> DEAD-END pattern, skipping (reason: no_op_reaches_24: tried all 6 ops on 17.0,6.0)
  Proposal: [15, 8] -> tuple (8, 15)
    -> DEAD-END pattern, skipping (reason: no_op_reaches_24: tried all 6 ops on 15.0,8.0)
  Proposal: [2, 9] -> tuple (2, 9)
    -> DEAD-END pattern, skipping (reason: no_op_reaches_24: tried all 6 ops on 2.0,9.0)
  Proposal: [1, 6] -> tuple (1, 6)
    -> DEAD-END pattern, skipping (reason: no_op_reaches_24: tried all 6 ops on 1.0,6.0)

[DEBUG] Node 1: processing 1 proposals
  Proposal: [2, 7] -> tuple (2, 7)
    -> DEAD-END pattern, skipping (reason: no_op_reaches_24: tried all 6 ops on 2.0,7.0)

[DEBUG] Node 3: processing 5 proposals
  Proposal: [4, 7] -> tuple (4, 7)
    -> DEAD-END pattern, skipping (reason: no_op_reaches_24: tried all 6 ops on 4.0,7.0)
  Proposal: [-4, 7] -> tuple (-4, 7)
    -> DEAD-END pattern, skipping (reason: no_op_reaches_24: tried all 6 ops on -4.0,7.0)
  Proposal: [42, 10] -> tuple (10, 42)
    -> DEAD-END pattern, skipping (reason: no_op_reaches_24: tried all 6 ops on 42.0,10.0)
  Proposal: [70, 6] -> tuple (6, 70)
    -> DEAD-END pattern, skipping (reason: no_op_reaches_24: tried all 6 ops on 70.0,6.0)
  Proposal: [60, 7] -> tuple (7, 60)
    -> DEAD-END pattern, skipping (reason: no_op_reaches_24: tried all 6 ops on 60.0,7.0)

[DEBUG] Node 4: processing 5 proposals
  Proposal: [12, 9] -> tuple (9, 12)
    -> DEAD-END pattern, skipping (reason: no_op_reaches_24: tried all 6 ops on 12.0,9.0)
  Proposal: [-12, 9] -> tuple (-12, 9)
    -> DEAD-END pattern, skipping (reason: no_op_reaches_24: tried all 6 ops on -12.0,9.0)
  Proposal: [14, 9] -> tuple (9, 14)
    -> DEAD-END pattern, skipping (reason: no_op_reaches_24: tried all 6 ops on 14.0,9.0)
  Proposal: [13, 9] -> tuple (9, 13)
    -> DEAD-END pattern, skipping (reason: no_op_reaches_24: tried all 6 ops on 13.0,9.0)
  Proposal: [4, 1] -> tuple (1, 4)
    -> DEAD-END pattern, skipping (reason: no_op_reaches_24: tried all 6 ops on 4.0,1.0)

[DEBUG] Node 5: processing 5 proposals
  Proposal: [14, 7] -> tuple (7, 14)
    -> DEAD-END pattern, skipping (reason: no_op_reaches_24: tried all 6 ops on 14.0,7.0)
  Proposal: [-14, 7] -> tuple (-14, 7)
    -> DEAD-END pattern, skipping (reason: no_op_reaches_24: tried all 6 ops on -14.0,7.0)
  Proposal: [16, 7] -> tuple (7, 16)
    -> DEAD-END pattern, skipping (reason: no_op_reaches_24: tried all 6 ops on 16.0,7.0)
  Proposal: [15, 7] -> tuple (7, 15)
    -> DEAD-END pattern, skipping (reason: no_op_reaches_24: tried all 6 ops on 15.0,7.0)
  Proposal: [8, 1] -> tuple (1, 8)
    -> DEAD-END pattern, skipping (reason: no_op_reaches_24: tried all 6 ops on 8.0,1.0)

[DEBUG] Node 0: processing 5 proposals
  Proposal: [7, 7, 9] -> tuple (7, 7, 9)
    -> Added to global_seen_states
    -> Child 1 created and added to next_queue
  Proposal: [5, 7, 9] -> tuple (5, 7, 9)
    -> Added to global_seen_states
    -> Child 2 created and added to next_queue
  Proposal: [7, 6, 9] -> tuple (6, 7, 9)
    -> Added to global_seen_states
    -> Child 3 created and added to next_queue
  Proposal: [-2, 1, 6] -> tuple (-2, 1, 6)
    -> Added to global_seen_states
    -> Child 4 created and added to next_queue
  Proposal: [42, 1, 9] -> tuple (1, 9, 42)
    -> Added to global_seen_states
    -> Child 5 created and added to next_queue

[DEBUG] Node 1: processing 5 proposals
  Proposal: [14, 9] -> tuple (9, 14)
    -> DEAD-END pattern, skipping (reason: no_op_reaches_24: tried all 6 ops on 14.0,9.0)
  Proposal: [0, 9] -> tuple (0, 9)
    -> DEAD-END pattern, skipping (reason: no_op_reaches_24: tried all 6 ops on 0.0,9.0)
  Proposal: [49, 9] -> tuple (9, 49)
    -> DEAD-END pattern, skipping (reason: no_op_reaches_24: tried all 6 ops on 49.0,9.0)
  Proposal: [1.0, 9] -> tuple (1.0, 9)
    -> DEAD-END pattern, skipping (reason: no_op_reaches_24: tried all 6 ops on 1.0,9.0)
  Proposal: [16, 7] -> tuple (7, 16)
    -> DEAD-END pattern, skipping (reason: no_op_reaches_24: tried all 6 ops on 16.0,7.0)

[DEBUG] Node 2: processing 5 proposals
  Proposal: [12, 9] -> tuple (9, 12)
    -> DEAD-END pattern, skipping (reason: no_op_reaches_24: tried all 6 ops on 12.0,9.0)
  Proposal: [2, 9] -> tuple (2, 9)
    -> DEAD-END pattern, skipping (reason: no_op_reaches_24: tried all 6 ops on 2.0,9.0)
  Proposal: [-2, 9] -> tuple (-2, 9)
    -> DEAD-END pattern, skipping (reason: no_op_reaches_24: tried all 6 ops on -2.0,9.0)
  Proposal: [35, 9] -> tuple (9, 35)
    -> DEAD-END pattern, skipping (reason: no_op_reaches_24: tried all 6 ops on 35.0,9.0)
  Proposal: [1.4, 9] -> tuple (1.4, 9)
    -> DEAD-END pattern, skipping (reason: no_op_reaches_24: tried all 6 ops on 1.4,9.0)

[DEBUG] Node 3: processing 5 proposals
  Proposal: [13, 9] -> tuple (9, 13)
    -> DEAD-END pattern, skipping (reason: no_op_reaches_24: tried all 6 ops on 13.0,9.0)
  Proposal: [1, 9] -> tuple (1, 9)
    -> DEAD-END pattern, skipping (reason: no_op_reaches_24: tried all 6 ops on 1.0,9.0)
  Proposal: [-1, 9] -> tuple (-1, 9)
    -> DEAD-END pattern, skipping (reason: no_op_reaches_24: tried all 6 ops on -1.0,9.0)
  Proposal: [42, 9] -> tuple (9, 42)
    -> DEAD-END pattern, skipping (reason: no_op_reaches_24: tried all 6 ops on 42.0,9.0)
  Proposal: [1.1666666666666667, 9] -> tuple (1.1666666666666667, 9)
    -> DEAD-END pattern, skipping (reason: no_op_reaches_24: tried all 6 ops on 1.1666666666666667,9.0)

[DEBUG] Node 4: processing 0 proposals

[DEBUG] Node 5: processing 5 proposals
  Proposal: [43, 9] -> tuple (9, 43)
    -> DEAD-END pattern, skipping (reason: no_op_reaches_24: tried all 6 ops on 43.0,9.0)
  Proposal: [41, 9] -> tuple (9, 41)
    -> DEAD-END pattern, skipping (reason: no_op_reaches_24: tried all 6 ops on 41.0,9.0)
  Proposal: [-41, 9] -> tuple (-41, 9)
    -> DEAD-END pattern, skipping (reason: no_op_reaches_24: tried all 6 ops on -41.0,9.0)
  Proposal: [42, 9] -> tuple (9, 42)
    -> DEAD-END pattern, skipping (reason: no_op_reaches_24: tried all 6 ops on 42.0,9.0)
  Proposal: [0.023809523809523808, 9] -> tuple (0.023809523809523808, 9)
    -> DEAD-END pattern, skipping (reason: no_op_reaches_24: tried all 6 ops on 0.023809523809523808,9.0)

[DEBUG] Node 0: processing 5 proposals
  Proposal: [5, 5, 13] -> tuple (5, 5, 13)
    -> Added to global_seen_states
    -> Child 1 created and added to next_queue
  Proposal: [-3, 5, 13] -> tuple (-3, 5, 13)
    -> Added to global_seen_states
    -> Child 2 created and added to next_queue
  Proposal: [3, 5, 13] -> tuple (3, 5, 13)
    -> Added to global_seen_states
    -> Child 3 created and added to next_queue
  Proposal: [4, 5, 13] -> tuple (4, 5, 13)
    -> Added to global_seen_states
    -> Child 4 created and added to next_queue
  Proposal: [6, 4, 13] -> tuple (4, 6, 13)
    -> Added to global_seen_states
    -> Child 5 created and added to next_queue

[DEBUG] Node 3: processing 5 proposals
  Proposal: [8, 13] -> tuple (8, 13)
    -> DEAD-END pattern, skipping (reason: no_op_reaches_24: tried all 6 ops on 8.0,13.0)
  Proposal: [-2, 13] -> tuple (-2, 13)
    -> DEAD-END pattern, skipping (reason: no_op_reaches_24: tried all 6 ops on -2.0,13.0)
  Proposal: [2, 13] -> tuple (2, 13)
    -> DEAD-END pattern, skipping (reason: no_op_reaches_24: tried all 6 ops on 2.0,13.0)
  Proposal: [15, 13] -> tuple (13, 15)
    -> DEAD-END pattern, skipping (reason: no_op_reaches_24: tried all 6 ops on 15.0,13.0)
  Proposal: [0.6, 13] -> tuple (0.6, 13)
    -> DEAD-END pattern, skipping (reason: no_op_reaches_24: tried all 6 ops on 0.6,13.0)

[DEBUG] Node 1: processing 5 proposals
  Proposal: [10, 13] -> tuple (10, 13)
    -> DEAD-END pattern, skipping (reason: no_op_reaches_24: tried all 6 ops on 10.0,13.0)
  Proposal: [0, 13] -> tuple (0, 13)
    -> DEAD-END pattern, skipping (reason: no_op_reaches_24: tried all 6 ops on 0.0,13.0)
  Proposal: [25, 13] -> tuple (13, 25)
    -> DEAD-END pattern, skipping (reason: no_op_reaches_24: tried all 6 ops on 25.0,13.0)
  Proposal: [1.0, 13] -> tuple (1.0, 13)
    -> DEAD-END pattern, skipping (reason: no_op_reaches_24: tried all 6 ops on 1.0,13.0)
  Proposal: [18, 5] -> tuple (5, 18)
    -> DEAD-END pattern, skipping (reason: no_op_reaches_24: tried all 6 ops on 18.0,5.0)

[DEBUG] Node 2: processing 5 proposals
  Proposal: [2, 13] -> tuple (2, 13)
    -> DEAD-END pattern, skipping (reason: no_op_reaches_24: tried all 6 ops on 2.0,13.0)
  Proposal: [-8, 13] -> tuple (-8, 13)
    -> DEAD-END pattern, skipping (reason: no_op_reaches_24: tried all 6 ops on -8.0,13.0)
  Proposal: [8, 13] -> tuple (8, 13)
    -> DEAD-END pattern, skipping (reason: no_op_reaches_24: tried all 6 ops on 8.0,13.0)
  Proposal: [-15, 13] -> tuple (-15, 13)
    -> DEAD-END pattern, skipping (reason: no_op_reaches_24: tried all 6 ops on -15.0,13.0)
  Proposal: [-0.6, 13] -> tuple (-0.6, 13)
    -> DEAD-END pattern, skipping (reason: no_op_reaches_24: tried all 6 ops on -0.6,13.0)

[DEBUG] Node 4: processing 0 proposals

[DEBUG] Node 5: processing 1 proposals
  Proposal: [10, 13] -> tuple (10, 13)
    -> DEAD-END pattern, skipping (reason: no_op_reaches_24: tried all 6 ops on 10.0,13.0)

[DEBUG] Node 0: processing 5 proposals
  Proposal: [7, 8, 11] -> tuple (7, 8, 11)
    -> Added to global_seen_states
    -> Child 1 created and added to next_queue
  Proposal: [-3, 8, 11] -> tuple (-3, 8, 11)
    -> Added to global_seen_states
    -> Child 2 created and added to next_queue
  Proposal: [3, 8, 11] -> tuple (3, 8, 11)
    -> Added to global_seen_states
    -> Child 3 created and added to next_queue
  Proposal: [10, 8, 11] -> tuple (8, 10, 11)
    -> Added to global_seen_states
    -> Child 4 created and added to next_queue
  Proposal: [0.4, 8, 11] -> tuple (0.4, 8, 11)
    -> Added to global_seen_states
    -> Child 5 created and added to next_queue

[DEBUG] Node 1: processing 5 proposals
  Proposal: [15, 11] -> tuple (11, 15)
    -> DEAD-END pattern, skipping (reason: no_op_reaches_24: tried all 6 ops on 15.0,11.0)
  Proposal: [-1, 11] -> tuple (-1, 11)
    -> DEAD-END pattern, skipping (reason: no_op_reaches_24: tried all 6 ops on -1.0,11.0)
  Proposal: [1, 11] -> tuple (1, 11)
    -> DEAD-END pattern, skipping (reason: no_op_reaches_24: tried all 6 ops on 1.0,11.0)
  Proposal: [56, 11] -> tuple (11, 56)
    -> DEAD-END pattern, skipping (reason: no_op_reaches_24: tried all 6 ops on 56.0,11.0)
  Proposal: [0.875, 11] -> tuple (0.875, 11)
    -> DEAD-END pattern, skipping (reason: no_op_reaches_24: tried all 6 ops on 0.875,11.0)

[DEBUG] Node 2: processing 5 proposals
  Proposal: [5, 11] -> tuple (5, 11)
    -> DEAD-END pattern, skipping (reason: no_op_reaches_24: tried all 6 ops on 5.0,11.0)
  Proposal: [-11, 11] -> tuple (-11, 11)
    -> DEAD-END pattern, skipping (reason: no_op_reaches_24: tried all 6 ops on -11.0,11.0)
  Proposal: [11, 11] -> tuple (11, 11)
    -> DEAD-END pattern, skipping (reason: no_op_reaches_24: tried all 6 ops on 11.0,11.0)
  Proposal: [-24, 11] -> tuple (-24, 11)
    -> DEAD-END pattern, skipping (reason: no_op_reaches_24: tried all 6 ops on -24.0,11.0)
  Proposal: [-0.375, 11] -> tuple (-0.375, 11)
    -> DEAD-END pattern, skipping (reason: no_op_reaches_24: tried all 6 ops on -0.375,11.0)

[DEBUG] Node 3: processing 5 proposals
  Proposal: [11, 11] -> tuple (11, 11)
    -> DEAD-END pattern, skipping (reason: no_op_reaches_24: tried all 6 ops on 11.0,11.0)
  Proposal: [-5, 11] -> tuple (-5, 11)
    -> DEAD-END pattern, skipping (reason: no_op_reaches_24: tried all 6 ops on -5.0,11.0)
  Proposal: [5, 11] -> tuple (5, 11)
    -> DEAD-END pattern, skipping (reason: no_op_reaches_24: tried all 6 ops on 5.0,11.0)
  Proposal: [24, 11] -> tuple (11, 24)
    -> DEAD-END pattern, skipping (reason: no_op_reaches_24: tried all 6 ops on 24.0,11.0)
  Proposal: [0.375, 11] -> tuple (0.375, 11)
    -> DEAD-END pattern, skipping (reason: no_op_reaches_24: tried all 6 ops on 0.375,11.0)

[DEBUG] Node 5: processing 5 proposals
  Proposal: [8.4, 11] -> tuple (8.4, 11)
    -> DEAD-END pattern, skipping (reason: no_op_reaches_24: tried all 6 ops on 8.4,11.0)
  Proposal: [7.6, 11] -> tuple (7.6, 11)
    -> DEAD-END pattern, skipping (reason: no_op_reaches_24: tried all 6 ops on 7.6,11.0)
  Proposal: [-7.6, 11] -> tuple (-7.6, 11)
    -> DEAD-END pattern, skipping (reason: no_op_reaches_24: tried all 6 ops on -7.6,11.0)
  Proposal: [3.2, 11] -> tuple (3.2, 11)
    -> DEAD-END pattern, skipping (reason: no_op_reaches_24: tried all 6 ops on 3.2,11.0)
  Proposal: [0.05, 11] -> tuple (0.05, 11)
    -> DEAD-END pattern, skipping (reason: no_op_reaches_24: tried all 6 ops on 0.05,11.0)

[DEBUG] Node 4: processing 5 proposals
  Proposal: [18, 11] -> tuple (11, 18)
    -> DEAD-END pattern, skipping (reason: no_op_reaches_24: tried all 6 ops on 18.0,11.0)
  Proposal: [2, 11] -> tuple (2, 11)
    -> DEAD-END pattern, skipping (reason: no_op_reaches_24: tried all 6 ops on 2.0,11.0)
  Proposal: [-2, 11] -> tuple (-2, 11)
    -> DEAD-END pattern, skipping (reason: no_op_reaches_24: tried all 6 ops on -2.0,11.0)
  Proposal: [80, 11] -> tuple (11, 80)
    -> DEAD-END pattern, skipping (reason: no_op_reaches_24: tried all 6 ops on 80.0,11.0)
  Proposal: [1.25, 11] -> tuple (1.25, 11)
    -> DEAD-END pattern, skipping (reason: no_op_reaches_24: tried all 6 ops on 1.25,11.0)

[DEBUG] Node 0: processing 5 proposals
  Proposal: [7, 8, 11] -> tuple (7, 8, 11)
    -> Added to global_seen_states
    -> Child 1 created and added to next_queue
  Proposal: [3, 8, 11] -> tuple (3, 8, 11)
    -> Added to global_seen_states
    -> Child 2 created and added to next_queue
  Proposal: [-3, 8, 11] -> tuple (-3, 8, 11)
    -> Added to global_seen_states
    -> Child 3 created and added to next_queue
  Proposal: [10, 8, 11] -> tuple (8, 10, 11)
    -> Added to global_seen_states
    -> Child 4 created and added to next_queue
  Proposal: [2.5, 8, 11] -> tuple (2.5, 8, 11)
    -> Added to global_seen_states
    -> Child 5 created and added to next_queue

[DEBUG] Node 1: processing 5 proposals
  Proposal: [15, 11] -> tuple (11, 15)
    -> DEAD-END pattern, skipping (reason: no_op_reaches_24: tried all 6 ops on 15.0,11.0)
  Proposal: [-1, 11] -> tuple (-1, 11)
    -> DEAD-END pattern, skipping (reason: no_op_reaches_24: tried all 6 ops on -1.0,11.0)
  Proposal: [1, 11] -> tuple (1, 11)
    -> DEAD-END pattern, skipping (reason: no_op_reaches_24: tried all 6 ops on 1.0,11.0)
  Proposal: [56, 11] -> tuple (11, 56)
    -> DEAD-END pattern, skipping (reason: no_op_reaches_24: tried all 6 ops on 56.0,11.0)
  Proposal: [0.875, 11] -> tuple (0.875, 11)
    -> DEAD-END pattern, skipping (reason: no_op_reaches_24: tried all 6 ops on 0.875,11.0)

[DEBUG] Node 2: processing 5 proposals
  Proposal: [11, 11] -> tuple (11, 11)
    -> DEAD-END pattern, skipping (reason: no_op_reaches_24: tried all 6 ops on 11.0,11.0)
  Proposal: [5, 11] -> tuple (5, 11)
    -> DEAD-END pattern, skipping (reason: no_op_reaches_24: tried all 6 ops on 5.0,11.0)
  Proposal: [-5, 11] -> tuple (-5, 11)
    -> DEAD-END pattern, skipping (reason: no_op_reaches_24: tried all 6 ops on -5.0,11.0)
  Proposal: [24, 11] -> tuple (11, 24)
    -> DEAD-END pattern, skipping (reason: no_op_reaches_24: tried all 6 ops on 24.0,11.0)
  Proposal: [2.6666666666666665, 11] -> tuple (2.6666666666666665, 11)
    -> DEAD-END pattern, skipping (reason: no_op_reaches_24: tried all 6 ops on 2.6666666666666665,11.0)

[DEBUG] Node 3: processing 1 proposals
  Proposal: [5, 11] -> tuple (5, 11)
    -> DEAD-END pattern, skipping (reason: no_op_reaches_24: tried all 6 ops on 5.0,11.0)

[DEBUG] Node 5: processing 5 proposals
  Proposal: [10.5, 11] -> tuple (10.5, 11)
    -> DEAD-END pattern, skipping (reason: no_op_reaches_24: tried all 6 ops on 10.5,11.0)
  Proposal: [5.5, 11] -> tuple (5.5, 11)
    -> DEAD-END pattern, skipping (reason: no_op_reaches_24: tried all 6 ops on 5.5,11.0)
  Proposal: [-5.5, 11] -> tuple (-5.5, 11)
    -> DEAD-END pattern, skipping (reason: no_op_reaches_24: tried all 6 ops on -5.5,11.0)
  Proposal: [20.0, 11] -> tuple (11, 20.0)
    -> DEAD-END pattern, skipping (reason: no_op_reaches_24: tried all 6 ops on 20.0,11.0)
  Proposal: [3.2, 11] -> tuple (3.2, 11)
    -> DEAD-END pattern, skipping (reason: no_op_reaches_24: tried all 6 ops on 3.2,11.0)

[DEBUG] Node 4: processing 5 proposals
  Proposal: [18, 11] -> tuple (11, 18)
    -> DEAD-END pattern, skipping (reason: no_op_reaches_24: tried all 6 ops on 18.0,11.0)
  Proposal: [2, 11] -> tuple (2, 11)
    -> DEAD-END pattern, skipping (reason: no_op_reaches_24: tried all 6 ops on 2.0,11.0)
  Proposal: [-2, 11] -> tuple (-2, 11)
    -> DEAD-END pattern, skipping (reason: no_op_reaches_24: tried all 6 ops on -2.0,11.0)
  Proposal: [80, 11] -> tuple (11, 80)
    -> DEAD-END pattern, skipping (reason: no_op_reaches_24: tried all 6 ops on 80.0,11.0)
  Proposal: [1.25, 11] -> tuple (1.25, 11)
    -> DEAD-END pattern, skipping (reason: no_op_reaches_24: tried all 6 ops on 1.25,11.0)

[DEBUG] Node 0: processing 5 proposals
  Proposal: [15, 12, 13] -> tuple (12, 13, 15)
    -> Added to global_seen_states
    -> Child 1 created and added to next_queue
  Proposal: [3, 12, 13] -> tuple (3, 12, 13)
    -> Added to global_seen_states
    -> Child 2 created and added to next_queue
  Proposal: [54, 12, 13] -> tuple (12, 13, 54)
    -> Added to global_seen_states
    -> Child 3 created and added to next_queue
  Proposal: [6, 9, 13] -> tuple (6, 9, 13)
    -> Added to global_seen_states
    -> Child 4 created and added to next_queue
  Proposal: [0.5, 9, 13] -> tuple (0.5, 9, 13)
    -> Added to global_seen_states
    -> Child 5 created and added to next_queue

[DEBUG] Node 1: processing 5 proposals
  Proposal: [27, 13] -> tuple (13, 27)
    -> DEAD-END pattern, skipping (reason: no_op_reaches_24: tried all 6 ops on 27.0,13.0)
  Proposal: [3, 13] -> tuple (3, 13)
    -> DEAD-END pattern, skipping (reason: no_op_reaches_24: tried all 6 ops on 3.0,13.0)
  Proposal: [-3, 13] -> tuple (-3, 13)
    -> DEAD-END pattern, skipping (reason: no_op_reaches_24: tried all 6 ops on -3.0,13.0)
  Proposal: [180, 13] -> tuple (13, 180)
    -> DEAD-END pattern, skipping (reason: no_op_reaches_24: tried all 6 ops on 180.0,13.0)
  Proposal: [1.25, 13] -> tuple (1.25, 13)
    -> DEAD-END pattern, skipping (reason: no_op_reaches_24: tried all 6 ops on 1.25,13.0)

[DEBUG] Node 2: processing 5 proposals
  Proposal: [15, 13] -> tuple (13, 15)
    -> DEAD-END pattern, skipping (reason: no_op_reaches_24: tried all 6 ops on 15.0,13.0)
  Proposal: [9, 13] -> tuple (9, 13)
    -> DEAD-END pattern, skipping (reason: no_op_reaches_24: tried all 6 ops on 9.0,13.0)
  Proposal: [-9, 13] -> tuple (-9, 13)
    -> DEAD-END pattern, skipping (reason: no_op_reaches_24: tried all 6 ops on -9.0,13.0)
  Proposal: [36, 13] -> tuple (13, 36)
    -> DEAD-END pattern, skipping (reason: no_op_reaches_24: tried all 6 ops on 36.0,13.0)
  Proposal: [4.0, 13] -> tuple (4.0, 13)
    -> DEAD-END pattern, skipping (reason: no_op_reaches_24: tried all 6 ops on 4.0,13.0)

[DEBUG] Node 4: processing 5 proposals
  Proposal: [15, 13] -> tuple (13, 15)
    -> DEAD-END pattern, skipping (reason: no_op_reaches_24: tried all 6 ops on 15.0,13.0)
  Proposal: [-3, 13] -> tuple (-3, 13)
    -> DEAD-END pattern, skipping (reason: no_op_reaches_24: tried all 6 ops on -3.0,13.0)
  Proposal: [3, 13] -> tuple (3, 13)
    -> DEAD-END pattern, skipping (reason: no_op_reaches_24: tried all 6 ops on 3.0,13.0)
  Proposal: [54, 13] -> tuple (13, 54)
    -> DEAD-END pattern, skipping (reason: no_op_reaches_24: tried all 6 ops on 54.0,13.0)
  Proposal: [0.6666666666666666, 13] -> tuple (0.6666666666666666, 13)
    -> DEAD-END pattern, skipping (reason: no_op_reaches_24: tried all 6 ops on 0.6666666666666666,13.0)

[DEBUG] Node 5: processing 5 proposals
  Proposal: [9.5, 13] -> tuple (9.5, 13)
    -> DEAD-END pattern, skipping (reason: no_op_reaches_24: tried all 6 ops on 9.5,13.0)
  Proposal: [-8.5, 13] -> tuple (-8.5, 13)
    -> DEAD-END pattern, skipping (reason: no_op_reaches_24: tried all 6 ops on -8.5,13.0)
  Proposal: [8.5, 13] -> tuple (8.5, 13)
    -> DEAD-END pattern, skipping (reason: no_op_reaches_24: tried all 6 ops on 8.5,13.0)
  Proposal: [4.5, 13] -> tuple (4.5, 13)
    -> DEAD-END pattern, skipping (reason: no_op_reaches_24: tried all 6 ops on 4.5,13.0)
  Proposal: [0.05555555555555555, 13] -> tuple (0.05555555555555555, 13)
    -> DEAD-END pattern, skipping (reason: no_op_reaches_24: tried all 6 ops on 0.05555555555555555,13.0)

[DEBUG] Node 3: processing 5 proposals
  Proposal: [66, 13] -> tuple (13, 66)
    -> DEAD-END pattern, skipping (reason: no_op_reaches_24: tried all 6 ops on 66.0,13.0)
  Proposal: [42, 13] -> tuple (13, 42)
    -> DEAD-END pattern, skipping (reason: no_op_reaches_24: tried all 6 ops on 42.0,13.0)
  Proposal: [-42, 13] -> tuple (-42, 13)
    -> DEAD-END pattern, skipping (reason: no_op_reaches_24: tried all 6 ops on -42.0,13.0)
  Proposal: [648, 13] -> tuple (13, 648)
    -> DEAD-END pattern, skipping (reason: no_op_reaches_24: tried all 6 ops on 648.0,13.0)
  Proposal: [4.5, 13] -> tuple (4.5, 13)
    -> DEAD-END pattern, skipping (reason: no_op_reaches_24: tried all 6 ops on 4.5,13.0)

[DEBUG] Node 0: processing 8 proposals
  Proposal: [15, 12, 13] -> tuple (12, 13, 15)
    -> Added to global_seen_states
    -> Child 1 created and added to next_queue
  Proposal: [4, 6, 12] -> tuple (4, 6, 12)
    -> Added to global_seen_states
    -> Child 2 created and added to next_queue
  Proposal: [72, 9, 13] -> tuple (9, 13, 72)
    -> Added to global_seen_states
    -> Child 3 created and added to next_queue
  Proposal: [2.0, 9, 13] -> tuple (2.0, 9, 13)
    -> Added to global_seen_states
    -> Child 4 created and added to next_queue
  Proposal: [25, 6, 9] -> tuple (6, 9, 25)
    -> Added to global_seen_states
    -> Child 5 created and added to next_queue
  Proposal: [7, 9, 12] -> tuple (7, 9, 12)
    -> Added to global_seen_states
    -> Child 6 created and added to next_queue
  Proposal: [-4, 6, 12] -> tuple (-4, 6, 12)
    -> Added to global_seen_states
    -> Child 7 created and added to next_queue
  Proposal: [117, 6, 12] -> tuple (6, 12, 117)
    -> Added to global_seen_states
    -> Child 8 created and added to next_queue

[DEBUG] Node 4: processing 8 proposals
  Proposal: [11.0, 13] -> tuple (11.0, 13)
    -> Added to global_seen_states
    -> Child 9 created and added to next_queue
  Proposal: [15.0, 9] -> tuple (9, 15.0)
    -> Added to global_seen_states
    -> Child 10 created and added to next_queue
  Proposal: [22, 2.0] -> tuple (2.0, 22)
    -> Added to global_seen_states
    -> Child 11 created and added to next_queue
  Proposal: [7.0, 13] -> tuple (7.0, 13)
    -> DEAD-END pattern, skipping (reason: no_op_reaches_24: tried all 6 ops on 7.0,13.0)
  Proposal: [11.0, 9] -> tuple (9, 11.0)
    -> DEAD-END pattern, skipping (reason: no_op_reaches_24: tried all 6 ops on 11.0,9.0)
  Proposal: [4, 2.0] -> tuple (2.0, 4)
    -> DEAD-END pattern, skipping (reason: no_op_reaches_24: tried all 6 ops on 4.0,2.0)
  Proposal: [18.0, 13] -> tuple (13, 18.0)
    -> DEAD-END pattern, skipping (reason: no_op_reaches_24: tried all 6 ops on 18.0,13.0)
  Proposal: [26.0, 9] -> tuple (9, 26.0)
    -> DEAD-END pattern, skipping (reason: no_op_reaches_24: tried all 6 ops on 26.0,9.0)

[DEBUG] Node 5: processing 8 proposals
  Proposal: [31, 9] -> tuple (9, 31)
    -> DEAD-END pattern, skipping (reason: no_op_reaches_24: tried all 6 ops on 31.0,9.0)
  Proposal: [34, 6] -> tuple (6, 34)
    -> DEAD-END pattern, skipping (reason: no_op_reaches_24: tried all 6 ops on 34.0,6.0)
  Proposal: [15, 25] -> tuple (15, 25)
    -> DEAD-END pattern, skipping (reason: no_op_reaches_24: tried all 6 ops on 15.0,25.0)
  Proposal: [19, 9] -> tuple (9, 19)
    -> DEAD-END pattern, skipping (reason: no_op_reaches_24: tried all 6 ops on 19.0,9.0)
  Proposal: [-19, 9] -> tuple (-19, 9)
    -> DEAD-END pattern, skipping (reason: no_op_reaches_24: tried all 6 ops on -19.0,9.0)
  Proposal: [16, 6] -> tuple (6, 16)
    -> DEAD-END pattern, skipping (reason: no_op_reaches_24: tried all 6 ops on 16.0,6.0)
  Proposal: [-16, 6] -> tuple (-16, 6)
    -> DEAD-END pattern, skipping (reason: no_op_reaches_24: tried all 6 ops on -16.0,6.0)
  Proposal: [150, 9] -> tuple (9, 150)
    -> DEAD-END pattern, skipping (reason: no_op_reaches_24: tried all 6 ops on 150.0,9.0)

[DEBUG] Node 2: processing 8 proposals
  Proposal: [24, 12] -> tuple (12, 24)
    -> DEAD-END pattern, skipping (reason: no_op_reaches_24: tried all 6 ops on 24.0,12.0)
  Proposal: [72, 4] -> tuple (4, 72)
    -> DEAD-END pattern, skipping (reason: no_op_reaches_24: tried all 6 ops on 72.0,4.0)
  Proposal: [48, 6] -> tuple (6, 48)
    -> DEAD-END pattern, skipping (reason: no_op_reaches_24: tried all 6 ops on 48.0,6.0)
  Proposal: [18, 4] -> tuple (4, 18)
    -> DEAD-END pattern, skipping (reason: no_op_reaches_24: tried all 6 ops on 18.0,4.0)
  Proposal: [16, 6] -> tuple (6, 16)
    -> DEAD-END pattern, skipping (reason: no_op_reaches_24: tried all 6 ops on 16.0,6.0)
  Proposal: [8, 6] -> tuple (6, 8)
    -> DEAD-END pattern, skipping (reason: no_op_reaches_24: tried all 6 ops on 8.0,6.0)
  Proposal: [6, 4] -> tuple (4, 6)
    -> Added to global_seen_states
    -> Child 12 created and added to next_queue
  Proposal: [3.0, 6] -> tuple (3.0, 6)
    -> DEAD-END pattern, skipping (reason: no_op_reaches_24: tried all 6 ops on 3.0,6.0)

[DEBUG] Node 3: processing 8 proposals
  Proposal: [81, 13] -> tuple (13, 81)
    -> DEAD-END pattern, skipping (reason: no_op_reaches_24: tried all 6 ops on 81.0,13.0)
  Proposal: [63, 13] -> tuple (13, 63)
    -> DEAD-END pattern, skipping (reason: no_op_reaches_24: tried all 6 ops on 63.0,13.0)
  Proposal: [-63, 13] -> tuple (-63, 13)
    -> DEAD-END pattern, skipping (reason: no_op_reaches_24: tried all 6 ops on -63.0,13.0)
  Proposal: [648, 13] -> tuple (13, 648)
    -> DEAD-END pattern, skipping (reason: no_op_reaches_24: tried all 6 ops on 648.0,13.0)
  Proposal: [8.0, 13] -> tuple (8.0, 13)
    -> DEAD-END pattern, skipping (reason: no_op_reaches_24: tried all 6 ops on 8.0,13.0)
  Proposal: [0.125, 13] -> tuple (0.125, 13)
    -> DEAD-END pattern, skipping (reason: no_op_reaches_24: tried all 6 ops on 0.125,13.0)
  Proposal: [85, 9] -> tuple (9, 85)
    -> DEAD-END pattern, skipping (reason: no_op_reaches_24: tried all 6 ops on 85.0,9.0)
  Proposal: [59, 9] -> tuple (9, 59)
    -> DEAD-END pattern, skipping (reason: no_op_reaches_24: tried all 6 ops on 59.0,9.0)

[DEBUG] Node 6: processing 8 proposals
  Proposal: [21, 7] -> tuple (7, 21)
    -> DEAD-END pattern, skipping (reason: no_op_reaches_24: tried all 6 ops on 21.0,7.0)
  Proposal: [63, 12] -> tuple (12, 63)
    -> DEAD-END pattern, skipping (reason: no_op_reaches_24: tried all 6 ops on 63.0,12.0)
  Proposal: [5, 9] -> tuple (5, 9)
    -> DEAD-END pattern, skipping (reason: no_op_reaches_24: tried all 6 ops on 5.0,9.0)
  Proposal: [1.3333333333333333, 7] -> tuple (1.3333333333333333, 7)
    -> DEAD-END pattern, skipping (reason: no_op_reaches_24: tried all 6 ops on 1.3333333333333333,7.0)
  Proposal: [19, 9] -> tuple (9, 19)
    -> DEAD-END pattern, skipping (reason: no_op_reaches_24: tried all 6 ops on 19.0,9.0)
  Proposal: [108, 7] -> tuple (7, 108)
    -> DEAD-END pattern, skipping (reason: no_op_reaches_24: tried all 6 ops on 108.0,7.0)
  Proposal: [3, 7] -> tuple (3, 7)
    -> DEAD-END pattern, skipping (reason: no_op_reaches_24: tried all 6 ops on 3.0,7.0)
  Proposal: [2, 12] -> tuple (2, 12)
    -> Added to global_seen_states
    -> Child 13 created and added to next_queue

[DEBUG] Node 11: processing 1 proposals
  Proposal: [24.0] -> tuple (24.0,)
    -> Added to global_seen_states
    -> Child 19 created and added to next_queue

[DEBUG] Node 9: processing 1 proposals
  Proposal: [24.0] -> tuple (24.0,)
    -> DUPLICATE, skipping (already seen)

[DEBUG] Node 10: processing 1 proposals
  Proposal: [24.0] -> tuple (24.0,)
    -> DUPLICATE, skipping (already seen)

[DEBUG] Node 12: processing 1 proposals
  Proposal: [24] -> tuple (24,)
    -> DUPLICATE, skipping (already seen)

[DEBUG] Node 13: processing 1 proposals
  Proposal: [24] -> tuple (24,)
    -> DUPLICATE, skipping (already seen)

[DEBUG] Node 0: processing 8 proposals
  Proposal: [9, 6, 8] -> tuple (6, 8, 9)
    -> Added to global_seen_states
    -> Child 1 created and added to next_queue
  Proposal: [24, 5, 8] -> tuple (5, 8, 24)
    -> Added to global_seen_states
    -> Child 2 created and added to next_queue
  Proposal: [3, 4, 6] -> tuple (3, 4, 6)
    -> Added to global_seen_states
    -> Child 3 created and added to next_queue
  Proposal: [2, 5, 8] -> tuple (2, 5, 8)
    -> Added to global_seen_states
    -> Child 4 created and added to next_queue
  Proposal: [2.0, 5, 6] -> tuple (2.0, 5, 6)
    -> Added to global_seen_states
    -> Child 5 created and added to next_queue
  Proposal: [40, 4, 6] -> tuple (4, 6, 40)
    -> Added to global_seen_states
    -> Child 6 created and added to next_queue
  Proposal: [14, 4, 5] -> tuple (4, 5, 14)
    -> Added to global_seen_states
    -> Child 7 created and added to next_queue
  Proposal: [4, 5, 6] -> tuple (4, 5, 6)
    -> Added to global_seen_states
    -> Child 8 created and added to next_queue

[DEBUG] Node 8: processing 8 proposals
  Proposal: [9, 6] -> tuple (6, 9)
    -> DEAD-END pattern, skipping (reason: no_op_reaches_24: tried all 6 ops on 9.0,6.0)
  Proposal: [20, 6] -> tuple (6, 20)
    -> DEAD-END pattern, skipping (reason: no_op_reaches_24: tried all 6 ops on 20.0,6.0)
  Proposal: [1, 6] -> tuple (1, 6)
    -> DEAD-END pattern, skipping (reason: no_op_reaches_24: tried all 6 ops on 1.0,6.0)
  Proposal: [1.5, 5] -> tuple (1.5, 5)
    -> DEAD-END pattern, skipping (reason: no_op_reaches_24: tried all 6 ops on 1.5,5.0)
  Proposal: [11, 4] -> tuple (4, 11)
    -> DEAD-END pattern, skipping (reason: no_op_reaches_24: tried all 6 ops on 11.0,4.0)
  Proposal: [30, 4] -> tuple (4, 30)
    -> DEAD-END pattern, skipping (reason: no_op_reaches_24: tried all 6 ops on 30.0,4.0)
  Proposal: [1, 4] -> tuple (1, 4)
    -> DEAD-END pattern, skipping (reason: no_op_reaches_24: tried all 6 ops on 1.0,4.0)
  Proposal: [1.2, 4] -> tuple (1.2, 4)
    -> DEAD-END pattern, skipping (reason: no_op_reaches_24: tried all 6 ops on 1.2,4.0)

[DEBUG] Node 6: processing 8 proposals
  Proposal: [160, 6] -> tuple (6, 160)
    -> DEAD-END pattern, skipping (reason: no_op_reaches_24: tried all 6 ops on 160.0,6.0)
  Proposal: [240, 4] -> tuple (4, 240)
    -> DEAD-END pattern, skipping (reason: no_op_reaches_24: tried all 6 ops on 240.0,4.0)
  Proposal: [24, 40] -> tuple (24, 40)
    -> DEAD-END pattern, skipping (reason: no_op_reaches_24: tried all 6 ops on 24.0,40.0)
  Proposal: [44, 6] -> tuple (6, 44)
    -> DEAD-END pattern, skipping (reason: no_op_reaches_24: tried all 6 ops on 44.0,6.0)
  Proposal: [36, 6] -> tuple (6, 36)
    -> DEAD-END pattern, skipping (reason: no_op_reaches_24: tried all 6 ops on 36.0,6.0)
  Proposal: [-36, 6] -> tuple (-36, 6)
    -> DEAD-END pattern, skipping (reason: no_op_reaches_24: tried all 6 ops on -36.0,6.0)
  Proposal: [34, 4] -> tuple (4, 34)
    -> DEAD-END pattern, skipping (reason: no_op_reaches_24: tried all 6 ops on 34.0,4.0)
  Proposal: [10, 6] -> tuple (6, 10)
    -> DEAD-END pattern, skipping (reason: no_op_reaches_24: tried all 6 ops on 10.0,6.0)

[DEBUG] Node 1: processing 8 proposals
  Proposal: [15, 8] -> tuple (8, 15)
    -> DEAD-END pattern, skipping (reason: no_op_reaches_24: tried all 6 ops on 15.0,8.0)
  Proposal: [3, 8] -> tuple (3, 8)
    -> Added to global_seen_states
    -> Child 9 created and added to next_queue
  Proposal: [-3, 8] -> tuple (-3, 8)
    -> DEAD-END pattern, skipping (reason: no_op_reaches_24: tried all 6 ops on -3.0,8.0)
  Proposal: [54, 8] -> tuple (8, 54)
    -> DEAD-END pattern, skipping (reason: no_op_reaches_24: tried all 6 ops on 54.0,8.0)
  Proposal: [1.5, 8] -> tuple (1.5, 8)
    -> DEAD-END pattern, skipping (reason: no_op_reaches_24: tried all 6 ops on 1.5,8.0)
  Proposal: [0.6666666666666666, 8] -> tuple (0.6666666666666666, 8)
    -> DEAD-END pattern, skipping (reason: no_op_reaches_24: tried all 6 ops on 0.6666666666666666,8.0)
  Proposal: [17, 6] -> tuple (6, 17)
    -> DEAD-END pattern, skipping (reason: no_op_reaches_24: tried all 6 ops on 17.0,6.0)
  Proposal: [1, 6] -> tuple (1, 6)
    -> DEAD-END pattern, skipping (reason: no_op_reaches_24: tried all 6 ops on 1.0,6.0)

[DEBUG] Node 3: processing 8 proposals
  Proposal: [12, 6] -> tuple (6, 12)
    -> DEAD-END pattern, skipping (reason: no_op_reaches_24: tried all 6 ops on 12.0,6.0)
  Proposal: [18, 4] -> tuple (4, 18)
    -> DEAD-END pattern, skipping (reason: no_op_reaches_24: tried all 6 ops on 18.0,4.0)
  Proposal: [24, 3] -> tuple (3, 24)
    -> DEAD-END pattern, skipping (reason: no_op_reaches_24: tried all 6 ops on 24.0,3.0)
  Proposal: [7, 6] -> tuple (6, 7)
    -> DEAD-END pattern, skipping (reason: no_op_reaches_24: tried all 6 ops on 7.0,6.0)
  Proposal: [9, 4] -> tuple (4, 9)
    -> DEAD-END pattern, skipping (reason: no_op_reaches_24: tried all 6 ops on 9.0,4.0)
  Proposal: [10, 3] -> tuple (3, 10)
    -> DEAD-END pattern, skipping (reason: no_op_reaches_24: tried all 6 ops on 10.0,3.0)
  Proposal: [1, 6] -> tuple (1, 6)
    -> DEAD-END pattern, skipping (reason: no_op_reaches_24: tried all 6 ops on 1.0,6.0)
  Proposal: [3, 4] -> tuple (3, 4)
    -> DEAD-END pattern, skipping (reason: no_op_reaches_24: tried all 6 ops on 3.0,4.0)

[DEBUG] Node 4: processing 8 proposals
  Proposal: [40, 2] -> tuple (2, 40)
    -> DEAD-END pattern, skipping (reason: no_op_reaches_24: tried all 6 ops on 40.0,2.0)
  Proposal: [16, 5] -> tuple (5, 16)
    -> DEAD-END pattern, skipping (reason: no_op_reaches_24: tried all 6 ops on 16.0,5.0)
  Proposal: [13, 2] -> tuple (2, 13)
    -> DEAD-END pattern, skipping (reason: no_op_reaches_24: tried all 6 ops on 13.0,2.0)
  Proposal: [3, 8] -> tuple (3, 8)
    -> DUPLICATE, skipping (already seen)
  Proposal: [4.0, 5] -> tuple (4.0, 5)
    -> DEAD-END pattern, skipping (reason: no_op_reaches_24: tried all 6 ops on 4.0,5.0)
  Proposal: [7, 8] -> tuple (7, 8)
    -> DEAD-END pattern, skipping (reason: no_op_reaches_24: tried all 6 ops on 7.0,8.0)
  Proposal: [3, 2] -> tuple (2, 3)
    -> DEAD-END pattern, skipping (reason: no_op_reaches_24: tried all 6 ops on 3.0,2.0)
  Proposal: [10, 8] -> tuple (8, 10)
    -> DEAD-END pattern, skipping (reason: no_op_reaches_24: tried all 6 ops on 10.0,8.0)

[DEBUG] Node 9: processing 1 proposals
  Proposal: [24] -> tuple (24,)
    -> Added to global_seen_states
    -> Child 11 created and added to next_queue

[DEBUG] Node 0: processing 8 proposals
  Proposal: [9, 6, 8] -> tuple (6, 8, 9)
    -> Added to global_seen_states
    -> Child 1 created and added to next_queue
  Proposal: [10, 5, 8] -> tuple (5, 8, 10)
    -> Added to global_seen_states
    -> Child 2 created and added to next_queue
  Proposal: [4, 5, 6] -> tuple (4, 5, 6)
    -> Added to global_seen_states
    -> Child 3 created and added to next_queue
  Proposal: [24, 5, 8] -> tuple (5, 8, 24)
    -> Added to global_seen_states
    -> Child 4 created and added to next_queue
  Proposal: [40, 4, 6] -> tuple (4, 6, 40)
    -> Added to global_seen_states
    -> Child 5 created and added to next_queue
  Proposal: [2.0, 5, 6] -> tuple (2.0, 5, 6)
    -> Added to global_seen_states
    -> Child 6 created and added to next_queue
  Proposal: [1, 4, 8] -> tuple (1, 4, 8)
    -> Added to global_seen_states
    -> Child 7 created and added to next_queue
  Proposal: [14, 4, 5] -> tuple (4, 5, 14)
    -> Added to global_seen_states
    -> Child 8 created and added to next_queue

[DEBUG] Node 7: processing 7 proposals
  Proposal: [8, 4] -> tuple (4, 8)
    -> DEAD-END pattern, skipping (reason: no_op_reaches_24: tried all 6 ops on 8.0,4.0)
  Proposal: [32, 1] -> tuple (1, 32)
    -> DEAD-END pattern, skipping (reason: no_op_reaches_24: tried all 6 ops on 32.0,1.0)
  Proposal: [5, 8] -> tuple (5, 8)
    -> DEAD-END pattern, skipping (reason: no_op_reaches_24: tried all 6 ops on 5.0,8.0)
  Proposal: [12, 1] -> tuple (1, 12)
    -> DEAD-END pattern, skipping (reason: no_op_reaches_24: tried all 6 ops on 12.0,1.0)
  Proposal: [7, 4] -> tuple (4, 7)
    -> DEAD-END pattern, skipping (reason: no_op_reaches_24: tried all 6 ops on 7.0,4.0)
  Proposal: [4, 1] -> tuple (1, 4)
    -> DEAD-END pattern, skipping (reason: no_op_reaches_24: tried all 6 ops on 4.0,1.0)
  Proposal: [2.0, 1] -> tuple (1, 2.0)
    -> DEAD-END pattern, skipping (reason: no_op_reaches_24: tried all 6 ops on 2.0,1.0)

[DEBUG] Node 5: processing 8 proposals
  Proposal: [44, 6] -> tuple (6, 44)
    -> DEAD-END pattern, skipping (reason: no_op_reaches_24: tried all 6 ops on 44.0,6.0)
  Proposal: [46, 4] -> tuple (4, 46)
    -> DEAD-END pattern, skipping (reason: no_op_reaches_24: tried all 6 ops on 46.0,4.0)
  Proposal: [10, 40] -> tuple (10, 40)
    -> DEAD-END pattern, skipping (reason: no_op_reaches_24: tried all 6 ops on 10.0,40.0)
  Proposal: [36, 6] -> tuple (6, 36)
    -> DEAD-END pattern, skipping (reason: no_op_reaches_24: tried all 6 ops on 36.0,6.0)
  Proposal: [-36, 6] -> tuple (-36, 6)
    -> DEAD-END pattern, skipping (reason: no_op_reaches_24: tried all 6 ops on -36.0,6.0)
  Proposal: [34, 4] -> tuple (4, 34)
    -> DEAD-END pattern, skipping (reason: no_op_reaches_24: tried all 6 ops on 34.0,4.0)
  Proposal: [-34, 4] -> tuple (-34, 4)
    -> DEAD-END pattern, skipping (reason: no_op_reaches_24: tried all 6 ops on -34.0,4.0)
  Proposal: [160, 6] -> tuple (6, 160)
    -> DEAD-END pattern, skipping (reason: no_op_reaches_24: tried all 6 ops on 160.0,6.0)

[DEBUG] Node 1: processing 8 proposals
  Proposal: [15, 8] -> tuple (8, 15)
    -> DEAD-END pattern, skipping (reason: no_op_reaches_24: tried all 6 ops on 15.0,8.0)
  Proposal: [17, 6] -> tuple (6, 17)
    -> DEAD-END pattern, skipping (reason: no_op_reaches_24: tried all 6 ops on 17.0,6.0)
  Proposal: [14, 9] -> tuple (9, 14)
    -> DEAD-END pattern, skipping (reason: no_op_reaches_24: tried all 6 ops on 14.0,9.0)
  Proposal: [3, 8] -> tuple (3, 8)
    -> Added to global_seen_states
    -> Child 9 created and added to next_queue
  Proposal: [1, 6] -> tuple (1, 6)
    -> DEAD-END pattern, skipping (reason: no_op_reaches_24: tried all 6 ops on 1.0,6.0)
  Proposal: [54, 8] -> tuple (8, 54)
    -> DEAD-END pattern, skipping (reason: no_op_reaches_24: tried all 6 ops on 54.0,8.0)
  Proposal: [72, 6] -> tuple (6, 72)
    -> DEAD-END pattern, skipping (reason: no_op_reaches_24: tried all 6 ops on 72.0,6.0)
  Proposal: [48, 9] -> tuple (9, 48)
    -> DEAD-END pattern, skipping (reason: no_op_reaches_24: tried all 6 ops on 48.0,9.0)

[DEBUG] Node 2: processing 8 proposals
  Proposal: [15, 8] -> tuple (8, 15)
    -> DEAD-END pattern, skipping (reason: no_op_reaches_24: tried all 6 ops on 15.0,8.0)
  Proposal: [5, 8] -> tuple (5, 8)
    -> DEAD-END pattern, skipping (reason: no_op_reaches_24: tried all 6 ops on 5.0,8.0)
  Proposal: [-5, 8] -> tuple (-5, 8)
    -> DEAD-END pattern, skipping (reason: no_op_reaches_24: tried all 6 ops on -5.0,8.0)
  Proposal: [50, 8] -> tuple (8, 50)
    -> DEAD-END pattern, skipping (reason: no_op_reaches_24: tried all 6 ops on 50.0,8.0)
  Proposal: [2.0, 8] -> tuple (2.0, 8)
    -> DEAD-END pattern, skipping (reason: no_op_reaches_24: tried all 6 ops on 2.0,8.0)
  Proposal: [0.5, 8] -> tuple (0.5, 8)
    -> DEAD-END pattern, skipping (reason: no_op_reaches_24: tried all 6 ops on 0.5,8.0)
  Proposal: [18, 5] -> tuple (5, 18)
    -> DEAD-END pattern, skipping (reason: no_op_reaches_24: tried all 6 ops on 18.0,5.0)
  Proposal: [2, 5] -> tuple (2, 5)
    -> DEAD-END pattern, skipping (reason: no_op_reaches_24: tried all 6 ops on 2.0,5.0)

[DEBUG] Node 3: processing 8 proposals
  Proposal: [1, 4] -> tuple (1, 4)
    -> DEAD-END pattern, skipping (reason: no_op_reaches_24: tried all 6 ops on 1.0,4.0)
  Proposal: [2, 5] -> tuple (2, 5)
    -> DEAD-END pattern, skipping (reason: no_op_reaches_24: tried all 6 ops on 2.0,5.0)
  Proposal: [1, 6] -> tuple (1, 6)
    -> DEAD-END pattern, skipping (reason: no_op_reaches_24: tried all 6 ops on 1.0,6.0)
  Proposal: [30, 4] -> tuple (4, 30)
    -> DEAD-END pattern, skipping (reason: no_op_reaches_24: tried all 6 ops on 30.0,4.0)
  Proposal: [24, 5] -> tuple (5, 24)
    -> DEAD-END pattern, skipping (reason: no_op_reaches_24: tried all 6 ops on 24.0,5.0)
  Proposal: [20, 6] -> tuple (6, 20)
    -> DEAD-END pattern, skipping (reason: no_op_reaches_24: tried all 6 ops on 20.0,6.0)
  Proposal: [11, 4] -> tuple (4, 11)
    -> DEAD-END pattern, skipping (reason: no_op_reaches_24: tried all 6 ops on 11.0,4.0)
  Proposal: [10, 5] -> tuple (5, 10)
    -> DEAD-END pattern, skipping (reason: no_op_reaches_24: tried all 6 ops on 10.0,5.0)

[DEBUG] Node 9: processing 1 proposals
  Proposal: [24] -> tuple (24,)
    -> Added to global_seen_states
    -> Child 11 created and added to next_queue

[DEBUG] Node 0: processing 8 proposals
  Proposal: [17, 7, 9] -> tuple (7, 9, 17)
    -> Added to global_seen_states
    -> Child 1 created and added to next_queue
  Proposal: [91, 4, 9] -> tuple (4, 9, 91)
    -> Added to global_seen_states
    -> Child 2 created and added to next_queue
  Proposal: [9, 7, 9] -> tuple (7, 9, 9)
    -> Added to global_seen_states
    -> Child 3 created and added to next_queue
  Proposal: [4, 4, 7] -> tuple (4, 4, 7)
    -> Added to global_seen_states
    -> Child 4 created and added to next_queue
  Proposal: [28, 9, 13] -> tuple (9, 13, 28)
    -> Added to global_seen_states
    -> Child 5 created and added to next_queue
  Proposal: [3.25, 7, 9] -> tuple (3.25, 7, 9)
    -> Added to global_seen_states
    -> Child 6 created and added to next_queue
  Proposal: [16, 4, 13] -> tuple (4, 13, 16)
    -> Added to global_seen_states
    -> Child 7 created and added to next_queue
  Proposal: [2, 4, 13] -> tuple (2, 4, 13)
    -> Added to global_seen_states
    -> Child 8 created and added to next_queue

[DEBUG] Node 5: processing 0 proposals

[DEBUG] Node 4: processing 7 proposals
  Proposal: [8, 7] -> tuple (7, 8)
    -> DEAD-END pattern, skipping (reason: no_op_reaches_24: tried all 6 ops on 8.0,7.0)
  Proposal: [16, 7] -> tuple (7, 16)
    -> DEAD-END pattern, skipping (reason: no_op_reaches_24: tried all 6 ops on 16.0,7.0)
  Proposal: [3, 4] -> tuple (3, 4)
    -> DEAD-END pattern, skipping (reason: no_op_reaches_24: tried all 6 ops on 3.0,4.0)
  Proposal: [1.0, 7] -> tuple (1.0, 7)
    -> DEAD-END pattern, skipping (reason: no_op_reaches_24: tried all 6 ops on 1.0,7.0)
  Proposal: [11, 4] -> tuple (4, 11)
    -> DEAD-END pattern, skipping (reason: no_op_reaches_24: tried all 6 ops on 11.0,4.0)
  Proposal: [28, 4] -> tuple (4, 28)
    -> Added to global_seen_states
    -> Child 9 created and added to next_queue
  Proposal: [0, 7] -> tuple (0, 7)
    -> DEAD-END pattern, skipping (reason: no_op_reaches_24: tried all 6 ops on 0.0,7.0)

[DEBUG] Node 2: processing 8 proposals
  Proposal: [100, 4] -> tuple (4, 100)
    -> DEAD-END pattern, skipping (reason: no_op_reaches_24: tried all 6 ops on 100.0,4.0)
  Proposal: [82, 4] -> tuple (4, 82)
    -> DEAD-END pattern, skipping (reason: no_op_reaches_24: tried all 6 ops on 82.0,4.0)
  Proposal: [-82, 4] -> tuple (-82, 4)
    -> DEAD-END pattern, skipping (reason: no_op_reaches_24: tried all 6 ops on -82.0,4.0)
  Proposal: [364, 9] -> tuple (9, 364)
    -> DEAD-END pattern, skipping (reason: no_op_reaches_24: tried all 6 ops on 364.0,9.0)
  Proposal: [22.75, 9] -> tuple (9, 22.75)
    -> DEAD-END pattern, skipping (reason: no_op_reaches_24: tried all 6 ops on 22.75,9.0)
  Proposal: [0.04395604395604396, 9] -> tuple (0.04395604395604396, 9)
    -> DEAD-END pattern, skipping (reason: no_op_reaches_24: tried all 6 ops on 0.04395604395604396,9.0)
  Proposal: [95, 9] -> tuple (9, 95)
    -> DEAD-END pattern, skipping (reason: no_op_reaches_24: tried all 6 ops on 95.0,9.0)
  Proposal: [87, 9] -> tuple (9, 87)
    -> DEAD-END pattern, skipping (reason: no_op_reaches_24: tried all 6 ops on 87.0,9.0)

[DEBUG] Node 3: processing 8 proposals
  Proposal: [63, 9] -> tuple (9, 63)
    -> DEAD-END pattern, skipping (reason: no_op_reaches_24: tried all 6 ops on 63.0,9.0)
  Proposal: [16, 9] -> tuple (9, 16)
    -> DEAD-END pattern, skipping (reason: no_op_reaches_24: tried all 6 ops on 16.0,9.0)
  Proposal: [1.0, 7] -> tuple (1.0, 7)
    -> DEAD-END pattern, skipping (reason: no_op_reaches_24: tried all 6 ops on 1.0,7.0)
  Proposal: [2, 9] -> tuple (2, 9)
    -> DEAD-END pattern, skipping (reason: no_op_reaches_24: tried all 6 ops on 2.0,9.0)
  Proposal: [0, 7] -> tuple (0, 7)
    -> DEAD-END pattern, skipping (reason: no_op_reaches_24: tried all 6 ops on 0.0,7.0)
  Proposal: [18, 7] -> tuple (7, 18)
    -> DEAD-END pattern, skipping (reason: no_op_reaches_24: tried all 6 ops on 18.0,7.0)
  Proposal: [-2, 9] -> tuple (-2, 9)
    -> DEAD-END pattern, skipping (reason: no_op_reaches_24: tried all 6 ops on -2.0,9.0)
  Proposal: [1.2857142857142858, 9] -> tuple (1.2857142857142858, 9)
    -> DEAD-END pattern, skipping (reason: no_op_reaches_24: tried all 6 ops on 1.2857142857142858,9.0)

[DEBUG] Node 6: processing 8 proposals
  Proposal: [29.25, 7] -> tuple (7, 29.25)
    -> DEAD-END pattern, skipping (reason: no_op_reaches_24: tried all 6 ops on 29.25,7.0)
  Proposal: [2.769230769230769, 7] -> tuple (2.769230769230769, 7)
    -> DEAD-END pattern, skipping (reason: no_op_reaches_24: tried all 6 ops on 2.769230769230769,7.0)
  Proposal: [2, 3.25] -> tuple (2, 3.25)
    -> DEAD-END pattern, skipping (reason: no_op_reaches_24: tried all 6 ops on 2.0,3.25)
  Proposal: [16, 3.25] -> tuple (3.25, 16)
    -> DEAD-END pattern, skipping (reason: no_op_reaches_24: tried all 6 ops on 16.0,3.25)
  Proposal: [63, 3.25] -> tuple (3.25, 63)
    -> DEAD-END pattern, skipping (reason: no_op_reaches_24: tried all 6 ops on 63.0,3.25)
  Proposal: [2.1538461538461537, 9] -> tuple (2.1538461538461537, 9)
    -> DEAD-END pattern, skipping (reason: no_op_reaches_24: tried all 6 ops on 2.1538461538461537,9.0)
  Proposal: [5.75, 7] -> tuple (5.75, 7)
    -> DEAD-END pattern, skipping (reason: no_op_reaches_24: tried all 6 ops on 5.75,7.0)
  Proposal: [10.25, 9] -> tuple (9, 10.25)
    -> DEAD-END pattern, skipping (reason: no_op_reaches_24: tried all 6 ops on 10.25,9.0)

[DEBUG] Node 9: processing 1 proposals
  Proposal: [24] -> tuple (24,)
    -> Added to global_seen_states
    -> Child 11 created and added to next_queue
